"calculate,noun,irrelevant","age,noun,irrelevant","in,adp,irrelevant","c,noun,TECH_TAG"
"calculate,verb,irrelevant","relative,adj,irrelevant","time,noun,irrelevant","in,adp,irrelevant","c,noun,TECH_TAG"
"parameterize,verb,irrelevant","an,det,irrelevant","sql,noun,TECH_TAG","in,adp,irrelevant","clause,noun,TECH_TAG"
"frame,noun,irrelevant","buster,noun,TECH_TAG","buster,noun,TECH_TAG","buster,noun,TECH_TAG","code,noun,TECH_TAG","needed,verb,irrelevant"
"remove,verb,irrelevant","duplicates,noun,TECH_TAG","from,adp,irrelevant","array,noun,TECH_TAG"
"practical,adj,irrelevant","non-image,noun,irrelevant","based,verb,irrelevant","captcha,noun,TECH_TAG","approaches,noun,TECH_TAG"
"calculate,verb,irrelevant","relative,adj,irrelevant","time,noun,irrelevant","in,adp,irrelevant","c,noun,TECH_TAG"
"how,adv,irrelevant","does,verb,irrelevant","stack,verb,irrelevant","overflow,adj,irrelevant","generate,verb,irrelevant","its,pron,irrelevant","seo-friendly,adj,irrelevant","urls,noun,irrelevant"
"why,adv,irrelevant","use,noun,irrelevant","deflate,noun,TECH_TAG","instead,adv,irrelevant","of,adp,irrelevant","gzip,noun,TECH_TAG","for,adp,irrelevant","text,noun,TECH_TAG","files,noun,TECH_TAG","served,verb,irrelevant","by,adp,irrelevant","apache,noun,TECH_TAG"
"function,noun,irrelevant","to,prt,irrelevant","calculate,verb,irrelevant","median,adj,irrelevant","in,adp,irrelevant","sql,noun,TECH_TAG","server,noun,TECH_TAG"
"binary,adj,irrelevant","data,noun,irrelevant","in,adp,irrelevant","mysql,noun,TECH_TAG"
"filling,verb,irrelevant","a,det,irrelevant","dataset,noun,TECH_TAG","or,conj,irrelevant","datatable,adj,irrelevant","from,adp,irrelevant","a,det,irrelevant","linq,adj,irrelevant","query,noun,irrelevant","result,noun,TECH_TAG","set,noun,TECH_TAG"
"is,verb,irrelevant","the,det,irrelevant","nolock,noun,TECH_TAG","sql,noun,TECH_TAG","server,noun,TECH_TAG","hint,noun,TECH_TAG","bad,adj,irrelevant","practice,noun,irrelevant"
"diagnosing,verb,irrelevant","deadlocks,noun,TECH_TAG","in,adp,irrelevant","sql,noun,TECH_TAG","server,noun,TECH_TAG","2005,num,irrelevant"
"why,adv,irrelevant","does,verb,irrelevant","n't,adv,irrelevant","sql,verb,irrelevant","full,adj,irrelevant","text,noun,irrelevant","indexing,verb,irrelevant","return,noun,TECH_TAG","results,noun,TECH_TAG","for,adp,irrelevant","words,noun,TECH_TAG","containing,verb,irrelevant"
"what,pron,irrelevant","is,verb,irrelevant","the,det,irrelevant","definition,noun,TECH_TAG","of,adp,irrelevant","http_x_purpose,noun,TECH_TAG"
"formatting,verb,irrelevant","inline,adj,irrelevant","items,noun,irrelevant","what,det,irrelevant","does,verb,irrelevant","the,det,irrelevant","general,adj,irrelevant","code,noun,irrelevant","look,noun,TECH_TAG","like,adp,irrelevant"
"two,num,irrelevant","legged,verb,irrelevant","oauth,noun,TECH_TAG","using,verb,irrelevant","dotnetopenauth,noun,TECH_TAG"
"cross,noun,irrelevant","platform,noun,TECH_TAG","encryption,noun,TECH_TAG","decryption,noun,TECH_TAG","applications,noun,TECH_TAG","for,adp,irrelevant","secure,noun,TECH_TAG","file,noun,TECH_TAG","transport,noun,TECH_TAG"
"should,verb,irrelevant","i,verb,irrelevant","use,noun,TECH_TAG","request.urlreferrer,noun,TECH_TAG","when,adv,irrelevant","determining,verb,irrelevant","referrals,noun,TECH_TAG"
"change,noun,irrelevant","the,det,irrelevant","image,noun,TECH_TAG","source,noun,TECH_TAG","on,adp,irrelevant","rollover,noun,TECH_TAG","using,verb,irrelevant","jquery,noun,TECH_TAG"
"best,adj,irrelevant","way,noun,irrelevant","to,prt,irrelevant","implement,verb,irrelevant","request,noun,TECH_TAG","throttling,verb,irrelevant","in,adp,irrelevant","asp.net,noun,TECH_TAG","mvc,noun,TECH_TAG"
"best,adj,irrelevant","way,noun,irrelevant","to,prt,irrelevant","implement,verb,irrelevant","request,noun,TECH_TAG","throttling,verb,irrelevant","in,adp,irrelevant","asp.net,noun,TECH_TAG","mvc,noun,TECH_TAG"
"best,adj,irrelevant","openid,noun,irrelevant","api,noun,TECH_TAG","for,adp,irrelevant","asp.net,noun,TECH_TAG","mvc,noun,TECH_TAG","application,noun,TECH_TAG"
"create/use,noun,irrelevant","user-defined,adj,irrelevant","functions,noun,irrelevant","in,adp,irrelevant","system.data.sqlite,noun,TECH_TAG"
"diagnosing,verb,irrelevant","request,noun,TECH_TAG","timed,verb,irrelevant","out,prt,irrelevant","httpexceptions,noun,irrelevant"
"deserializing,verb,irrelevant","json,noun,TECH_TAG","into,adp,irrelevant","an,det,irrelevant","object,noun,TECH_TAG","with,adp,irrelevant","json.net,noun,TECH_TAG"
"how,adv,irrelevant","to,prt,irrelevant","move,verb,irrelevant","ms,noun,TECH_TAG","display,noun,TECH_TAG","from,adp,irrelevant","lhs,noun,TECH_TAG","to,prt,irrelevant","rhs,verb,irrelevant"
"linq,noun,irrelevant","to,prt,irrelevant","sql,verb,irrelevant","mapping,verb,irrelevant","exception,noun,TECH_TAG","when,adv,irrelevant","using,verb,irrelevant","abstract,adj,irrelevant","base,noun,irrelevant","classes,noun,TECH_TAG"
"proper,adj,irrelevant","variable,adj,irrelevant","declaration,noun,irrelevant","in,adp,irrelevant","c,noun,TECH_TAG"
"expression,noun,irrelevant","versus,noun,TECH_TAG","statement,noun,TECH_TAG"
"parameterize,verb,irrelevant","an,det,irrelevant","sql,noun,TECH_TAG","in,adp,irrelevant","clause,noun,TECH_TAG"
"how,adv,irrelevant","do,verb,irrelevant","i,verb,irrelevant","move,verb,irrelevant","the,det,irrelevant","turtle,noun,TECH_TAG","in,adp,irrelevant","logo,noun,TECH_TAG","closed,verb,irrelevant"
"how,adv,irrelevant","to,prt,irrelevant","assign,verb,irrelevant","profile,noun,TECH_TAG","values,noun,TECH_TAG"
"what,pron,irrelevant","is,verb,irrelevant","the,det,irrelevant","worst,adj,irrelevant","real-world,adj,irrelevant","macros/pre-processor,noun,irrelevant","abuse,noun,TECH_TAG","you,pron,irrelevant","'ve,verb,irrelevant","ever,adv,irrelevant","come,verb,irrelevant","across,adp,irrelevant"
"why,adv,irrelevant","do,verb,irrelevant","i,verb,irrelevant","need,verb,irrelevant","an,det,irrelevant","ioc,adj,irrelevant","container,noun,irrelevant","as,adp,irrelevant","opposed,verb,irrelevant","to,prt,irrelevant","straightforward,verb,irrelevant","di,noun,TECH_TAG","code,noun,TECH_TAG"
"issues,noun,irrelevant","with,adp,irrelevant","ands,noun,TECH_TAG","and,conj,irrelevant","ors,noun,irrelevant","cobol,verb,irrelevant"
"i,adj,irrelevant","'d,verb,irrelevant","like,verb,irrelevant","to,prt,irrelevant","understand,verb,irrelevant","the,det,irrelevant","jquery,noun,TECH_TAG","plugin,noun,TECH_TAG","syntax,noun,TECH_TAG"
"what,pron,irrelevant","is,verb,irrelevant","the,det,irrelevant","easiest,adj,irrelevant","way,noun,irrelevant","to,prt,irrelevant","parse,verb,irrelevant","an,det,irrelevant","ini,noun,TECH_TAG","file,noun,TECH_TAG","in,adp,irrelevant","c++,noun,TECH_TAG"
"how,adv,irrelevant","can,verb,irrelevant","i,verb,irrelevant","lookup,adj,irrelevant","data,noun,irrelevant","about,adp,irrelevant","a,det,irrelevant","book,noun,TECH_TAG","from,adp,irrelevant","its,pron,irrelevant","barcode,noun,irrelevant","number,noun,TECH_TAG"
"favicon.png,noun,irrelevant","vs,noun,TECH_TAG","favicon.ico,noun,TECH_TAG","why,adv,irrelevant","should,verb,irrelevant","i,verb,irrelevant","use,noun,TECH_TAG","png,adj,irrelevant","instead,adv,irrelevant","of,adp,irrelevant","ico,noun,TECH_TAG"
"how,adv,irrelevant","do,verb,irrelevant","i,verb,irrelevant","delete,verb,irrelevant","multiple,adj,irrelevant","rows,noun,irrelevant","in,adp,irrelevant","entity,noun,TECH_TAG","framework,noun,TECH_TAG","without,adp,irrelevant","foreach,noun,TECH_TAG"
"how,adv,irrelevant","does,verb,irrelevant","one,num,irrelevant","parse,noun,irrelevant","xml,noun,TECH_TAG","files,noun,TECH_TAG"
"http,noun,irrelevant","handler,noun,TECH_TAG","vs,noun,TECH_TAG","http,noun,TECH_TAG","module,noun,TECH_TAG"
"how,adv,irrelevant","can,verb,irrelevant","i,verb,irrelevant","scale,det,irrelevant","an,det,irrelevant","entire,adj,irrelevant","web,noun,irrelevant","page,noun,TECH_TAG","with,adp,irrelevant","css,noun,TECH_TAG"
"which,det,irrelevant","is,verb,irrelevant","faster/best,adj,irrelevant","select,noun,irrelevant","or,conj,irrelevant","select,adj,irrelevant","column1,noun,irrelevant","colum2,noun,TECH_TAG","column3,noun,TECH_TAG","etc,noun,TECH_TAG"
"what,pron,irrelevant","is,verb,irrelevant","an,det,irrelevant","mdf,noun,TECH_TAG","file,noun,TECH_TAG"
"how,adv,irrelevant","can,verb,irrelevant","i,verb,irrelevant","remove,verb,irrelevant","duplicate,noun,TECH_TAG","rows,noun,TECH_TAG"
"how,adv,irrelevant","can,verb,irrelevant","i,verb,irrelevant","find,verb,irrelevant","unused,adj,irrelevant","images,noun,irrelevant","and,conj,irrelevant","css,noun,irrelevant","styles,noun,TECH_TAG","in,adp,irrelevant","a,det,irrelevant","website,noun,TECH_TAG","closed,verb,irrelevant"
"what,pron,irrelevant","does,verb,irrelevant","toast,adj,irrelevant","mean,verb,irrelevant"
"while,adp,irrelevant","applying,verb,irrelevant","opacity,noun,TECH_TAG","to,prt,irrelevant","a,det,irrelevant","form,noun,TECH_TAG","should,verb,irrelevant","we,pron,irrelevant","use,verb,irrelevant","a,det,irrelevant","decimal,noun,TECH_TAG","or,conj,irrelevant","double,adj,irrelevant","value,noun,irrelevant"
"determine,verb,irrelevant","a,det,irrelevant","user,noun,TECH_TAG","'s,prt,irrelevant","timezone,noun,irrelevant"
"while,adp,irrelevant","applying,verb,irrelevant","opacity,noun,TECH_TAG","to,prt,irrelevant","a,det,irrelevant","form,noun,TECH_TAG","should,verb,irrelevant","we,pron,irrelevant","use,verb,irrelevant","a,det,irrelevant","decimal,noun,TECH_TAG","or,conj,irrelevant","double,adj,irrelevant","value,noun,irrelevant"
"node.js,adj,irrelevant","mongoose.js,noun,irrelevant","string,verb,irrelevant","to,prt,irrelevant","objectid,verb,irrelevant","function,noun,TECH_TAG"
"percentage,noun,irrelevant","width,noun,TECH_TAG","child,noun,TECH_TAG","element,noun,TECH_TAG","in,adp,irrelevant","absolutely,adv,irrelevant","positioned,verb,irrelevant","parent,noun,TECH_TAG","on,adp,irrelevant","internet,noun,TECH_TAG","explorer,noun,TECH_TAG","7,num,irrelevant"
"svn,adj,irrelevant","repository,noun,irrelevant","backup,noun,TECH_TAG","strategies,noun,TECH_TAG"
"how,adv,irrelevant","to,prt,irrelevant","learn,verb,irrelevant","mdx,noun,TECH_TAG"
"how,adv,irrelevant","to,prt,irrelevant","get,verb,irrelevant","started,verb,irrelevant","with,adp,irrelevant","powershell,noun,TECH_TAG"
"sending,verb,irrelevant","back,prt,irrelevant","a,det,irrelevant","json,noun,TECH_TAG","response,noun,TECH_TAG","when,adv,irrelevant","failing,verb,irrelevant","passport.js,noun,TECH_TAG","authentication,noun,TECH_TAG"
"is,verb,irrelevant","elegant,adj,irrelevant","semantic,adj,irrelevant","css,noun,irrelevant","with,adp,irrelevant","asp.net,noun,TECH_TAG","still,adv,irrelevant","a,det,irrelevant","pipe,adj,irrelevant","dream,noun,irrelevant"
"how,adv,irrelevant","much,adj,irrelevant","extra,adj,irrelevant","overhead,noun,irrelevant","is,verb,irrelevant","generated,verb,irrelevant","when,adv,irrelevant","sending,verb,irrelevant","a,det,irrelevant","file,noun,TECH_TAG","over,adp,irrelevant","a,det,irrelevant","web,adj,irrelevant","service,noun,irrelevant","as,adp,irrelevant","a,det,irrelevant","byte,noun,TECH_TAG","array,noun,TECH_TAG"
"difference,noun,irrelevant","between,adp,irrelevant","math.floor,noun,TECH_TAG","and,conj,irrelevant","math.truncate,noun,irrelevant"
"class,noun,irrelevant","self,noun,TECH_TAG","idiom,noun,TECH_TAG","in,adp,irrelevant","ruby,noun,TECH_TAG"
"how,adv,irrelevant","do,verb,irrelevant","i,verb,irrelevant","programmatically,adv,irrelevant","determine,verb,irrelevant","operating,noun,TECH_TAG","system,noun,TECH_TAG","in,adp,irrelevant","java,noun,TECH_TAG"
"difference,noun,irrelevant","between,adp,irrelevant","math.floor,noun,TECH_TAG","and,conj,irrelevant","math.truncate,noun,irrelevant"
"remote,verb,irrelevant","debugging,verb,irrelevant","a,det,irrelevant","java,noun,TECH_TAG","application,noun,TECH_TAG"
"daemon,noun,irrelevant","threads,noun,TECH_TAG","explanation,noun,TECH_TAG"
"what,pron,irrelevant","is,verb,irrelevant","the,det,irrelevant","fastest,adj,irrelevant","way,noun,irrelevant","to,prt,irrelevant","get,verb,irrelevant","the,det,irrelevant","value,noun,TECH_TAG","of,adp,irrelevant"
"find,verb,irrelevant","size,noun,TECH_TAG","of,adp,irrelevant","an,det,irrelevant","array,noun,TECH_TAG","in,adp,irrelevant","perl,noun,TECH_TAG"
"what,pron,irrelevant","is,verb,irrelevant","the,det,irrelevant","colon,noun,TECH_TAG","operator,noun,TECH_TAG","in,adp,irrelevant","ruby,noun,TECH_TAG"
"android,adj,irrelevant","studio/intellij,noun,irrelevant","idea,noun,TECH_TAG","table,noun,TECH_TAG","of,adp,irrelevant","contents,noun,TECH_TAG","for,adp,irrelevant","a,det,irrelevant","class,noun,TECH_TAG"
"what,pron,irrelevant","'s,verb,irrelevant","a,det,irrelevant","3d,num,irrelevant","doing,verb,irrelevant","in,adp,irrelevant","this,det,irrelevant","html,noun,TECH_TAG"
"kcvpixelformattype_420ypcbcr8biplanarfullrange,noun,irrelevant","frame,noun,TECH_TAG","to,prt,irrelevant","uiimage,verb,irrelevant","conversion,noun,TECH_TAG"
"howto,noun,irrelevant","use,noun,TECH_TAG","twitter-oauth-iphone,noun,TECH_TAG","with,adp,irrelevant","ios5,noun,TECH_TAG","and,conj,irrelevant","arc,noun,irrelevant"
"what,pron,irrelevant","is,verb,irrelevant","the,det,irrelevant","fastest,adj,irrelevant","way,noun,irrelevant","to,prt,irrelevant","load,verb,irrelevant","data,noun,TECH_TAG","into,adp,irrelevant","a,det,irrelevant","oracle,noun,TECH_TAG","database,noun,TECH_TAG","with,adp,irrelevant",".net,noun,TECH_TAG"
"hosting,verb,irrelevant","visualstudio,noun,TECH_TAG","on,adp,irrelevant","a,det,irrelevant","winform,noun,TECH_TAG","and,conj,irrelevant","start,verb,irrelevant","it,pron,irrelevant","minimized,verb,irrelevant"
"how,adv,irrelevant","to,prt,irrelevant","debug/monitor,verb,irrelevant","smtp,adj,irrelevant","communications,noun,irrelevant"
"best,adj,irrelevant","way,noun,irrelevant","to,prt,irrelevant","combine,verb,irrelevant","play,noun,TECH_TAG","and,conj,irrelevant","pause,noun,irrelevant","button,noun,TECH_TAG"
"if,adp,irrelevant","in,adp,irrelevant","with,adp,irrelevant","structure,noun,TECH_TAG"
"share,noun,irrelevant","album,adj,irrelevant","photo,noun,irrelevant","in,adp,irrelevant","page,noun,TECH_TAG","feed,noun,TECH_TAG","with,adp,irrelevant","geotargeting,verb,irrelevant"
"sbjsonwriter,noun,irrelevant","nested,verb,irrelevant","nsdictionary,adj,irrelevant"
"unrecognized,adj,irrelevant","selector,noun,irrelevant","error,noun,TECH_TAG","can,verb,irrelevant","not,adv,irrelevant","figure,verb,irrelevant","it,pron,irrelevant","out,prt,irrelevant"
"how,adv,irrelevant","can,verb,irrelevant","i,verb,irrelevant","set,verb,irrelevant","the,det,irrelevant","value,noun,TECH_TAG","of,adp,irrelevant","a,det,irrelevant","dropdownlist,noun,TECH_TAG","using,verb,irrelevant","jquery,noun,TECH_TAG"
"how,adv,irrelevant","do,verb,irrelevant","i,adv,irrelevant","view,verb,irrelevant","the,det,irrelevant","sql,noun,TECH_TAG","generated,verb,irrelevant","by,adp,irrelevant","the,det,irrelevant","entity,noun,TECH_TAG","framework,noun,TECH_TAG"
"using,verb,irrelevant","custom,noun,TECH_TAG","domains,noun,TECH_TAG","with,adp,irrelevant","iis,noun,TECH_TAG","express,noun,TECH_TAG"
"best,adj,irrelevant","way,noun,irrelevant","to,prt,irrelevant","turn,verb,irrelevant","an,det,irrelevant","integer,noun,TECH_TAG","into,adp,irrelevant","a,det,irrelevant","month,noun,TECH_TAG","name,noun,TECH_TAG","in,adp,irrelevant","c,noun,TECH_TAG"
"how,adv,irrelevant","big,adj,irrelevant","can,verb,irrelevant","a,det,irrelevant","mysql,adj,irrelevant","database,noun,irrelevant","get,noun,TECH_TAG","before,adp,irrelevant","performance,noun,TECH_TAG","starts,noun,TECH_TAG","to,prt,irrelevant","degrade,verb,irrelevant"
"how,adv,irrelevant","do,verb,irrelevant","i,verb,irrelevant","serialize,verb,irrelevant","a,det,irrelevant","c,noun,TECH_TAG","anonymous,adj,irrelevant","type,noun,irrelevant","to,prt,irrelevant","a,det,irrelevant","json,noun,TECH_TAG","string,noun,TECH_TAG"
"how,adv,irrelevant","do,verb,irrelevant","you,pron,irrelevant","rotate,verb,irrelevant","a,det,irrelevant","two,num,irrelevant","dimensional,adj,irrelevant","array,noun,irrelevant"
"hidden,adj,irrelevant","features,noun,irrelevant","of,adp,irrelevant","c,noun,TECH_TAG"
"google,noun,irrelevant","maps,noun,TECH_TAG","url,verb,irrelevant","i,adj,irrelevant","want,verb,irrelevant","to,prt,irrelevant","create,verb,irrelevant","a,det,irrelevant","url,adj,irrelevant","to,prt,irrelevant","google,verb,irrelevant","maps,noun,TECH_TAG","i,verb,irrelevant","want,verb,irrelevant","to,prt,irrelevant","show,verb,irrelevant","search,noun,TECH_TAG","near,adp,irrelevant","specific,adj,irrelevant","coordonates,noun,irrelevant"
"how,adv,irrelevant","to,prt,irrelevant","fadeout,verb,irrelevant","remove,verb,irrelevant","a,det,irrelevant","div,noun,TECH_TAG","in,adp,irrelevant","jquery,noun,TECH_TAG"
"determine,verb,irrelevant","a,det,irrelevant","user,noun,TECH_TAG","'s,prt,irrelevant","timezone,noun,irrelevant"
"how,adv,irrelevant","do,verb,irrelevant","i,verb,irrelevant","remove,verb,irrelevant","lines,noun,TECH_TAG","between,adp,irrelevant","listviews,noun,TECH_TAG","on,adp,irrelevant","android,noun,TECH_TAG"
"android,adj,irrelevant","compass,noun,irrelevant","noise,noun,TECH_TAG","algorithm,noun,TECH_TAG"
"is,verb,irrelevant","there,det,irrelevant","a,det,irrelevant","way,noun,TECH_TAG","to,prt,irrelevant","mount,verb,irrelevant","android,adj,irrelevant",".img,noun,irrelevant","to,prt,irrelevant","access,noun,irrelevant","the,det,irrelevant","avd,noun,TECH_TAG","android,verb,irrelevant","virtual,adj,irrelevant","device,noun,irrelevant","contents,noun,TECH_TAG"
"android,verb,irrelevant","how,adv,irrelevant","to,prt,irrelevant","place,verb,irrelevant","an,det,irrelevant","animated,adj,irrelevant","image,noun,irrelevant","inside,adp,irrelevant","an,det,irrelevant","edittext,adj,irrelevant","that,adp,irrelevant","we,pron,irrelevant","can,verb,irrelevant","show,verb,irrelevant","and,conj,irrelevant","hide,verb,irrelevant"
"suggestions,noun,irrelevant","showing,verb,irrelevant","file,noun,TECH_TAG","upload,adj,irrelevant","progress,noun,irrelevant","to,prt,irrelevant","user,verb,irrelevant"
"why,adv,irrelevant","getapplicationcontext,adj,irrelevant",".settheme,noun,irrelevant","in,adp,irrelevant","a,det,irrelevant","activity,noun,TECH_TAG","does,verb,irrelevant","not,adv,irrelevant","work,verb,irrelevant"
"how,adv,irrelevant","can,verb,irrelevant","i,verb,irrelevant","add,adj,irrelevant","event,noun,irrelevant","handling,verb,irrelevant","in,adp,irrelevant","each,det,irrelevant","row,noun,TECH_TAG","in,adp,irrelevant","listview,noun,TECH_TAG"
"how,adv,irrelevant","can,verb,irrelevant","i,verb,irrelevant","launch,adj,irrelevant","an,det,irrelevant","activity,noun,TECH_TAG","in,adp,irrelevant","another,det,irrelevant","apk,noun,TECH_TAG"
"symbian/s60,noun,irrelevant","audio,adj,irrelevant","playback,noun,irrelevant","rate,noun,TECH_TAG"
"most,adv,irrelevant","efficient,adj,irrelevant","way,noun,irrelevant","to,prt,irrelevant","convert,verb,irrelevant","an,det,irrelevant","htmlcollection,noun,TECH_TAG","to,prt,irrelevant","an,det,irrelevant","array,noun,TECH_TAG"
"the,det,irrelevant","vb.net,noun,TECH_TAG","'with,prt,irrelevant","statement,noun,irrelevant","embrace,noun,TECH_TAG","or,conj,irrelevant","avoid,verb,irrelevant"
"how,adv,irrelevant","can,verb,irrelevant","i,verb,irrelevant","become,verb,irrelevant","a,det,irrelevant","better,adj,irrelevant","c,noun,irrelevant","programmer,noun,TECH_TAG"
"how,adv,irrelevant","can,verb,irrelevant","i,verb,irrelevant","obfuscate,adj,irrelevant","protect,noun,irrelevant","javascript,noun,TECH_TAG"
"how,adv,irrelevant","to,prt,irrelevant","create,verb,irrelevant","a,det,irrelevant","style,noun,TECH_TAG","tag,noun,TECH_TAG","with,adp,irrelevant","javascript,noun,TECH_TAG"
"when,adv,irrelevant","to,prt,irrelevant","pass,verb,irrelevant","a,det,irrelevant","parameter,noun,TECH_TAG","and,conj,irrelevant","when,adv,irrelevant","to,prt,irrelevant","use,verb,irrelevant","an,det,irrelevant","instance,noun,TECH_TAG","variable,noun,TECH_TAG"
"dynamically,adv,irrelevant","invoke,adj,irrelevant","properties,noun,irrelevant","by,adp,irrelevant","string,verb,irrelevant","name,noun,TECH_TAG","using,verb,irrelevant","vb.net,noun,TECH_TAG"
"what,pron,irrelevant","is,verb,irrelevant","the,det,irrelevant","correct,adj,irrelevant","way,noun,irrelevant","to,prt,irrelevant","write,verb,irrelevant","html,noun,TECH_TAG","using,verb,irrelevant","javascript,noun,TECH_TAG"
"window.location.href,noun,irrelevant","and,conj,irrelevant","window.open,adj,irrelevant","methods,noun,irrelevant","in,adp,irrelevant","javascript,noun,TECH_TAG"
"starting,verb,irrelevant","javascript,noun,TECH_TAG","development,noun,TECH_TAG","what,pron,irrelevant","to,prt,irrelevant","do,verb,irrelevant"
"what,pron,irrelevant","is,verb,irrelevant","the,det,irrelevant","size,noun,TECH_TAG","of,adp,irrelevant","column,noun,TECH_TAG","of,adp,irrelevant","int,noun,TECH_TAG","11,num,irrelevant","in,adp,irrelevant","mysql,noun,TECH_TAG","in,adp,irrelevant","bytes,noun,TECH_TAG"
"throw,verb,irrelevant","an,det,irrelevant","error,noun,TECH_TAG","in,adp,irrelevant","a,det,irrelevant","mysql,noun,TECH_TAG","trigger,noun,TECH_TAG"
"percentage,noun,irrelevant","width,noun,TECH_TAG","child,noun,TECH_TAG","element,noun,TECH_TAG","in,adp,irrelevant","absolutely,adv,irrelevant","positioned,verb,irrelevant","parent,noun,TECH_TAG","on,adp,irrelevant","internet,noun,TECH_TAG","explorer,noun,TECH_TAG","7,num,irrelevant"
"servers,noun,irrelevant","view,verb,irrelevant","missing,verb,irrelevant","from,adp,irrelevant","eclipse,noun,TECH_TAG","indigo,noun,TECH_TAG"
"force,noun,irrelevant","window.open,noun,TECH_TAG","to,prt,irrelevant","create,verb,irrelevant","new,adj,irrelevant","tab,noun,irrelevant","in,adp,irrelevant","chrome,noun,TECH_TAG"
"actionscript,adv,irrelevant","3,num,irrelevant","fastest,adj,irrelevant","way,noun,irrelevant","to,prt,irrelevant","parse,verb,irrelevant","yyyy-mm-dd,adj,irrelevant","hh,noun,irrelevant","mm,noun,TECH_TAG","ss,noun,TECH_TAG","to,prt,irrelevant","a,det,irrelevant","date,noun,TECH_TAG","object,noun,TECH_TAG"
"multiple,adj,irrelevant","authentication,noun,irrelevant","mechanisms,noun,TECH_TAG","in,adp,irrelevant","a,det,irrelevant","single,adj,irrelevant","app,noun,irrelevant","using,verb,irrelevant","java,noun,TECH_TAG","config,noun,TECH_TAG"
"how,adv,irrelevant","to,prt,irrelevant","define,verb,irrelevant","do,verb,irrelevant","nothing,noun,TECH_TAG","in,adp,irrelevant","javascript,noun,TECH_TAG"
"flex,adj,irrelevant","urlloader,noun,irrelevant","and,conj,irrelevant","httpservice,noun,irrelevant"
"java+tomcat,noun,irrelevant","dying,verb,irrelevant","database,noun,TECH_TAG","connection,noun,TECH_TAG"
"getting,verb,irrelevant","ssh,noun,TECH_TAG","to,prt,irrelevant","execute,verb,irrelevant","a,det,irrelevant","command,noun,TECH_TAG","in,adp,irrelevant","the,det,irrelevant","background,noun,TECH_TAG","on,adp,irrelevant","target,noun,TECH_TAG","machine,noun,TECH_TAG"
"how,adv,irrelevant","to,prt,irrelevant","use,verb,irrelevant","the,det,irrelevant","c,noun,TECH_TAG","socket,noun,TECH_TAG","api,noun,TECH_TAG","in,adp,irrelevant","c++,noun,TECH_TAG","on,adp,irrelevant","z/os,noun,TECH_TAG"
"how,adv,irrelevant","can,verb,irrelevant","i,verb,irrelevant","split,verb,irrelevant","a,det,irrelevant","string,noun,TECH_TAG","into,adp,irrelevant","chunks,noun,TECH_TAG","of,adp,irrelevant","two,num,irrelevant","characters,noun,irrelevant","each,det,irrelevant","in,adp,irrelevant","perl,noun,TECH_TAG"
"unloading,verb,irrelevant","a,det,irrelevant","bytearray,noun,TECH_TAG","in,adp,irrelevant","actionscript,noun,TECH_TAG","3,num,irrelevant"
"make,verb,irrelevant","text,noun,TECH_TAG","selectable,adj,irrelevant","in,adp,irrelevant","a,det,irrelevant","textarea,noun,TECH_TAG","within,adp,irrelevant","a,det,irrelevant","jquery,noun,TECH_TAG","sortable,adj,irrelevant","parent,noun,irrelevant"
"designing,verb,irrelevant","a,det,irrelevant","stress,noun,TECH_TAG","testing,verb,irrelevant","framework,noun,TECH_TAG"
"performing,verb,irrelevant","a,det,irrelevant","binary,noun,TECH_TAG","or,conj,irrelevant","in,adp,irrelevant","cobol,noun,TECH_TAG","with,adp,irrelevant","pic,noun,TECH_TAG","x,noun,TECH_TAG","data,noun,TECH_TAG"
"change,noun,irrelevant","active,adj,irrelevant","sound,noun,irrelevant","card,noun,TECH_TAG","on,adp,irrelevant","the,det,irrelevant","fly,noun,TECH_TAG"
"store,noun,irrelevant","rgb,noun,TECH_TAG","values,noun,TECH_TAG","in,adp,irrelevant","database,noun,TECH_TAG"
"asp.net,noun,irrelevant","mvc,noun,TECH_TAG","exception,noun,TECH_TAG","in,adp,irrelevant","controller,noun,TECH_TAG","not,adv,irrelevant","beign,verb,irrelevant","handled,verb,irrelevant","at,adp,irrelevant","custom,noun,TECH_TAG","errohandler,noun,TECH_TAG"
"how,adv,irrelevant","do,verb,irrelevant","you,pron,irrelevant","do,verb,irrelevant","a,det,irrelevant","case,noun,TECH_TAG","insensitive,adj,irrelevant","search,noun,irrelevant","using,verb,irrelevant","a,det,irrelevant","pattern,noun,TECH_TAG","modifier,adv,irrelevant","using,verb,irrelevant","less,adv,irrelevant"
"find,noun,irrelevant","folders,noun,TECH_TAG","in,adp,irrelevant","a,det,irrelevant","directory,noun,TECH_TAG","without,adp,irrelevant","listing,verb,irrelevant","the,det,irrelevant","parent,noun,TECH_TAG","directory,noun,TECH_TAG"
"ca,verb,irrelevant","n't,adv,irrelevant","start,verb,irrelevant","appmon,verb,irrelevant","in,adp,irrelevant","erlang,adj,irrelevant","r17,noun,irrelevant","rc1,noun,TECH_TAG"
"get,verb,irrelevant","total,adj,irrelevant","size,noun,irrelevant","of,adp,irrelevant","a,det,irrelevant","list,noun,TECH_TAG","of,adp,irrelevant","files,noun,TECH_TAG","in,adp,irrelevant","unix,adj,irrelevant"
"copy-paste,noun,irrelevant","lines,noun,TECH_TAG","between,adp,irrelevant","tabs,noun,TECH_TAG","in,adp,irrelevant","vimdiff,noun,TECH_TAG"
"pasting,verb,irrelevant","to,prt,irrelevant","vim,verb,irrelevant","from,adp,irrelevant","clipboard,noun,TECH_TAG","cuts,noun,TECH_TAG","off,adp,irrelevant","first,adj,irrelevant","few,adj,irrelevant","lines,noun,irrelevant"
"delete,verb,irrelevant","all,det,irrelevant","broken,adj,irrelevant","symbolic,adj,irrelevant","links,noun,irrelevant","with,adp,irrelevant","a,det,irrelevant","line,noun,TECH_TAG"
"ignore,noun,irrelevant","lines,noun,TECH_TAG","with,adp,irrelevant","particular,adj,irrelevant","words,noun,irrelevant","in,adp,irrelevant","vimdiff,noun,TECH_TAG","output,noun,TECH_TAG"
"vimdiff,noun,irrelevant","and,conj,irrelevant","cvs,noun,irrelevant","integration,noun,TECH_TAG"
"how,adv,irrelevant","to,prt,irrelevant","prevent,verb,irrelevant","bash,adj,irrelevant","completion,noun,irrelevant","from,adp,irrelevant","replacing,verb,irrelevant","a,det,irrelevant","character,noun,TECH_TAG","when,adv,irrelevant","tab,noun,irrelevant","completing,verb,irrelevant"
"calling,verb,irrelevant","shell,noun,TECH_TAG","commands,noun,TECH_TAG","from,adp,irrelevant","ruby,noun,TECH_TAG"
"how,adv,irrelevant","do,verb,irrelevant","you,pron,irrelevant","clear,verb,irrelevant","a,det,irrelevant","stringstream,noun,TECH_TAG","variable,noun,TECH_TAG"
"on,adp,irrelevant","design,noun,TECH_TAG","patterns,noun,TECH_TAG","when,adv,irrelevant","to,prt,irrelevant","use,verb,irrelevant","the,det,irrelevant","singleton,noun,TECH_TAG"
"what,pron,irrelevant","is,verb,irrelevant","the,det,irrelevant","difference,noun,TECH_TAG","between,adp,irrelevant","an,det,irrelevant","int,noun,TECH_TAG","and,conj,irrelevant","an,det,irrelevant","integer,noun,TECH_TAG","in,adp,irrelevant","java,noun,TECH_TAG","and,conj,irrelevant","c,noun,irrelevant"
"routing,verb,irrelevant","with,adp,irrelevant","multiple,adj,irrelevant","parameters,noun,irrelevant","using,verb,irrelevant","asp.net,noun,TECH_TAG","mvc,noun,TECH_TAG"
"are,verb,irrelevant","there,det,irrelevant","any,det,irrelevant","viable,adj,irrelevant","alternatives,noun,irrelevant","to,prt,irrelevant","the,det,irrelevant","gof,adj,irrelevant","singleton,noun,irrelevant","pattern,noun,TECH_TAG"
"rails,noun,irrelevant","active,adj,irrelevant","record,noun,irrelevant","find,verb,irrelevant","all,det,irrelevant","order,noun,TECH_TAG","issue,noun,TECH_TAG"
"text,noun,irrelevant","editor,noun,TECH_TAG","for,adp,irrelevant","linux,noun,TECH_TAG","besides,adp,irrelevant","vi,noun,TECH_TAG","closed,verb,irrelevant"
"how,adv,irrelevant","would,verb,irrelevant","i,verb,irrelevant","implement,adj,irrelevant","stackoverflow,noun,irrelevant","'s,prt,irrelevant","hovering,noun,irrelevant","dialogs,noun,TECH_TAG"
"how,adv,irrelevant","do,verb,irrelevant","i,verb,irrelevant","add,verb,irrelevant","existing,verb,irrelevant","comments,noun,TECH_TAG","to,prt,irrelevant","rdoc,verb,irrelevant","in,adp,irrelevant","ruby,noun,TECH_TAG","closed,verb,irrelevant"
"how,adv,irrelevant","do,verb,irrelevant","httponly,adv,irrelevant","cookies,noun,irrelevant","work,verb,irrelevant","with,adp,irrelevant","ajax,adj,irrelevant","requests,noun,irrelevant"
"visual,adj,irrelevant","studio,noun,irrelevant","2005/2012,num,irrelevant","how,adv,irrelevant","to,prt,irrelevant","keep,verb,irrelevant","first,adj,irrelevant","curly,adv,irrelevant","brace,noun,irrelevant","on,adp,irrelevant","same,adj,irrelevant","line,noun,irrelevant"
"reopen,verb,irrelevant","last,adj,irrelevant","closed,adj,irrelevant","tab,noun,irrelevant","in,adp,irrelevant","visual,adj,irrelevant","studio,noun,irrelevant"
"using,verb,irrelevant","namespace,adj,irrelevant","equivalent,noun,irrelevant","in,adp,irrelevant","asp.net,noun,TECH_TAG","markup,noun,TECH_TAG"
"recommended,adj,irrelevant","fonts,noun,irrelevant","for,adp,irrelevant","programming,verb,irrelevant"
"why,adv,irrelevant","ca,verb,irrelevant","n't,adv,irrelevant","i,verb,irrelevant","add,verb,irrelevant","properties,noun,TECH_TAG","to,prt,irrelevant","a,det,irrelevant","string,noun,TECH_TAG","object,noun,TECH_TAG","in,adp,irrelevant","javascript,noun,TECH_TAG"
"why,adv,irrelevant","are,verb,irrelevant","there,adv,irrelevant","dashes,noun,irrelevant","in,adp,irrelevant","a,det,irrelevant",".net,noun,TECH_TAG","guid,noun,TECH_TAG"
"sqlstatement.execute,noun,irrelevant","multiple,adj,irrelevant","queries,noun,irrelevant","in,adp,irrelevant","one,num,irrelevant","statement,noun,irrelevant"
"response.redirect,noun,irrelevant","not,adv,irrelevant","ending,verb,irrelevant","execution,noun,TECH_TAG"
"single,adj,irrelevant","statement,noun,irrelevant","across,adp,irrelevant","multiple,adj,irrelevant","lines,noun,irrelevant","in,adp,irrelevant","vb.net,noun,TECH_TAG","without,adp,irrelevant","the,det,irrelevant","underscore,noun,TECH_TAG","character,noun,TECH_TAG"
"casting,verb,irrelevant","newtype,noun,TECH_TAG","vs.,x,irrelevant","object,noun,irrelevant","as,adp,irrelevant","newtype,noun,TECH_TAG"
"marshal,noun,irrelevant","c++,noun,TECH_TAG","struct,noun,TECH_TAG","array,noun,TECH_TAG","into,adp,irrelevant","c,noun,TECH_TAG"
"integrating,verb,irrelevant","visual,adj,irrelevant","studio,noun,irrelevant","test,noun,TECH_TAG","project,noun,TECH_TAG","with,adp,irrelevant","cruise,noun,TECH_TAG","control,noun,TECH_TAG"
"really,adv,irrelevant","long,adv,irrelevant","class/variable/property/method,adj,irrelevant","names,noun,irrelevant"
"writing,verb,irrelevant","post,noun,TECH_TAG","data,noun,TECH_TAG","from,adp,irrelevant","one,num,irrelevant","java,noun,irrelevant","servlet,noun,TECH_TAG","to,prt,irrelevant","another,det,irrelevant"
"integrating,verb,irrelevant","visual,adj,irrelevant","studio,noun,irrelevant","test,noun,TECH_TAG","project,noun,TECH_TAG","with,adp,irrelevant","cruise,noun,TECH_TAG","control,noun,TECH_TAG"
".net,noun,irrelevant","testing,verb,irrelevant","framework,noun,TECH_TAG","advice,noun,TECH_TAG"
"folders,noun,irrelevant","or,conj,irrelevant","projects,noun,irrelevant","in,adp,irrelevant","a,det,irrelevant","visual,adj,irrelevant","studio,noun,irrelevant","solution,noun,TECH_TAG"
"asp.net,noun,irrelevant","gridview,noun,TECH_TAG","commandfield,verb,irrelevant","update/cancel,adv,irrelevant","does,verb,irrelevant","not,adv,irrelevant","wrap,verb,irrelevant"
"trouble,noun,irrelevant","using,verb,irrelevant","jrun,noun,TECH_TAG","to,prt,irrelevant","host,verb,irrelevant","java,adj,irrelevant","servlets,noun,irrelevant"
"validate,noun,irrelevant","decimal,adj,irrelevant","numbers,noun,irrelevant","in,adp,irrelevant","javascript,noun,TECH_TAG","isnumeric,noun,TECH_TAG"
"vertically,adv,irrelevant","align,adj,irrelevant","text,adj,irrelevant","next,adj,irrelevant","to,prt,irrelevant","an,det,irrelevant","image,noun,TECH_TAG"
"format,noun,irrelevant","decimal,noun,TECH_TAG","for,adp,irrelevant","percentage,noun,TECH_TAG","values,noun,TECH_TAG"
"case,noun,irrelevant","insensitive,adj,irrelevant","python,noun,irrelevant","regular,adj,irrelevant","expression,noun,irrelevant","without,adp,irrelevant","re.compile,noun,TECH_TAG"
"how,adv,irrelevant","do,verb,irrelevant","i,verb,irrelevant","get,verb,irrelevant","the,det,irrelevant","number,noun,TECH_TAG","of,adp,irrelevant","days,noun,TECH_TAG","between,adp,irrelevant","two,num,irrelevant","dates,noun,irrelevant","in,adp,irrelevant","javascript,noun,TECH_TAG"
"better,adv,irrelevant","way,noun,irrelevant","to,prt,irrelevant","check,verb,irrelevant","variable,adj,irrelevant","for,adp,irrelevant","null,noun,TECH_TAG","or,conj,irrelevant","empty,adj,irrelevant","string,noun,irrelevant"
"how,adv,irrelevant","do,verb,irrelevant","i,verb,irrelevant","break,verb,irrelevant","a,det,irrelevant","string,noun,TECH_TAG","across,adp,irrelevant","more,adj,irrelevant","than,adp,irrelevant","one,num,irrelevant","line,noun,irrelevant","of,adp,irrelevant","code,noun,TECH_TAG","in,adp,irrelevant","javascript,noun,TECH_TAG"
"add,verb,irrelevant","alternating,verb,irrelevant","row,adj,irrelevant","color,noun,irrelevant","to,prt,irrelevant","sql,verb,irrelevant","server,noun,TECH_TAG","reporting,noun,TECH_TAG","services,noun,TECH_TAG","report,noun,TECH_TAG"
"mysql/sql,noun,irrelevant","group,noun,TECH_TAG","by,adp,irrelevant","date,noun,TECH_TAG","only,adv,irrelevant","on,adp,irrelevant","a,det,irrelevant","datetime,adj,irrelevant","column,noun,irrelevant"
"add,verb,irrelevant","alternating,verb,irrelevant","row,adj,irrelevant","color,noun,irrelevant","to,prt,irrelevant","sql,verb,irrelevant","server,noun,TECH_TAG","reporting,noun,TECH_TAG","services,noun,TECH_TAG","report,noun,TECH_TAG"
"how,adv,irrelevant","big,adj,irrelevant","can,verb,irrelevant","a,det,irrelevant","mysql,adj,irrelevant","database,noun,irrelevant","get,noun,TECH_TAG","before,adp,irrelevant","performance,noun,TECH_TAG","starts,noun,TECH_TAG","to,prt,irrelevant","degrade,verb,irrelevant"
"how,adv,irrelevant","do,verb,irrelevant","i,verb,irrelevant","download,verb,irrelevant","a,det,irrelevant","file,noun,TECH_TAG","over,adp,irrelevant","http,noun,TECH_TAG","using,verb,irrelevant","python,noun,TECH_TAG"
"how,adv,irrelevant","do,verb,irrelevant","i,verb,irrelevant","track,noun,TECH_TAG","file,noun,TECH_TAG","downloads,noun,TECH_TAG"
"css,noun,irrelevant","to,prt,irrelevant","make,verb,irrelevant","an,det,irrelevant","empty,adj,irrelevant","cell,noun,irrelevant","'s,prt,irrelevant","border,noun,irrelevant","appear,noun,TECH_TAG"
"how,adv,irrelevant","do,verb,irrelevant","i,adv,irrelevant","keep,verb,irrelevant","whitespace,noun,TECH_TAG","formatting,verb,irrelevant","using,verb,irrelevant","php/html,noun,TECH_TAG"
"embedding,verb,irrelevant","windows,noun,TECH_TAG","media,noun,TECH_TAG","player,noun,TECH_TAG","for,adp,irrelevant","all,det,irrelevant","browsers,noun,TECH_TAG"
"reasonable,adj,irrelevant","optimized,adj,irrelevant","chart,noun,irrelevant","scaling,noun,TECH_TAG"
"how,adv,irrelevant","do,verb,irrelevant","i,verb,irrelevant","determine,verb,irrelevant","which,det,irrelevant","process,noun,TECH_TAG","is,verb,irrelevant","using,verb,irrelevant","a,det,irrelevant","serial,adj,irrelevant","port,noun,irrelevant"
"how,adv,irrelevant","do,verb,irrelevant","you,pron,irrelevant","protect,verb,irrelevant","your,pron,irrelevant","software,noun,irrelevant","from,adp,irrelevant","illegal,adj,irrelevant","distribution,noun,irrelevant"
"how,adv,irrelevant","do,verb,irrelevant","you,pron,irrelevant","deal,verb,irrelevant","with,adp,irrelevant","configuration,noun,TECH_TAG","files,noun,TECH_TAG","in,adp,irrelevant","source,noun,TECH_TAG","control,noun,TECH_TAG"
"check,noun,irrelevant","for,adp,irrelevant","changes,noun,TECH_TAG","to,prt,irrelevant","an,det,irrelevant","sql,noun,TECH_TAG","server,noun,TECH_TAG","table,noun,TECH_TAG"
"using,verb,irrelevant",".files/.folders,noun,TECH_TAG","with,adp,irrelevant","mono,noun,TECH_TAG","on,adp,irrelevant","linux,noun,TECH_TAG"
"how,adv,irrelevant","do,verb,irrelevant","you,pron,irrelevant","handle,verb,irrelevant","huge,adj,irrelevant","if-conditions,noun,irrelevant"
"binary,adj,irrelevant","patch-generation,noun,irrelevant","in,adp,irrelevant","c,noun,TECH_TAG"
"how,adv,irrelevant","do,verb,irrelevant","you,pron,irrelevant","handle,verb,irrelevant","huge,adj,irrelevant","if-conditions,noun,irrelevant"
"landscape,noun,irrelevant","printing,verb,irrelevant","from,adp,irrelevant","html,noun,TECH_TAG"
"is,verb,irrelevant","an,det,irrelevant","https,adj,irrelevant","query,noun,irrelevant","string,noun,TECH_TAG","secure,noun,TECH_TAG"
"setting,verb,irrelevant","objects,noun,TECH_TAG","to,prt,irrelevant","null/nothing,verb,irrelevant","after,adp,irrelevant","use,noun,TECH_TAG","in,adp,irrelevant",".net,noun,TECH_TAG"
"equivalent,adj,irrelevant","vb,noun,irrelevant","keyword,noun,TECH_TAG","for,adp,irrelevant","'break,noun,TECH_TAG"
"how,adv,irrelevant","can,verb,irrelevant","i,verb,irrelevant","discover,verb,irrelevant","the,det,irrelevant","path,noun,TECH_TAG","of,adp,irrelevant","an,det,irrelevant","embedded,verb,irrelevant","resource,noun,TECH_TAG"
"display,noun,irrelevant","json,noun,TECH_TAG","as,adp,irrelevant","html,noun,TECH_TAG"
"is,verb,irrelevant","it,pron,irrelevant","possible,adj,irrelevant","to,prt,irrelevant","use,verb,irrelevant","full,adj,irrelevant","text,noun,irrelevant","search,noun,TECH_TAG","fts,noun,TECH_TAG","with,adp,irrelevant","linq,noun,TECH_TAG"
"how,adv,irrelevant","to,prt,irrelevant","run,verb,irrelevant","visual,adj,irrelevant","studio,noun,irrelevant","without,adp,irrelevant","plugin,noun,TECH_TAG","and,conj,irrelevant","all,det,irrelevant","third,adj,irrelevant","party,noun,irrelevant","feature,noun,TECH_TAG"
"reliable,adj,irrelevant","timer,noun,irrelevant","in,adp,irrelevant","a,det,irrelevant","console,adj,irrelevant","application,noun,irrelevant"
"is,verb,irrelevant","there,det,irrelevant","any,det,irrelevant","way,noun,TECH_TAG","to,prt,irrelevant","automate,verb,irrelevant","windows,noun,TECH_TAG","forms,noun,TECH_TAG","testing,verb,irrelevant"
"get,verb,irrelevant","a,det,irrelevant","new,adj,irrelevant","object,adj,irrelevant","instance,noun,irrelevant","from,adp,irrelevant","a,det,irrelevant","type,noun,TECH_TAG"
"anatomy,noun,irrelevant","of,adp,irrelevant","a,det,irrelevant","memory,noun,TECH_TAG","leak,noun,TECH_TAG"
"regex,noun,irrelevant","to,prt,irrelevant","pull,verb,irrelevant","out,prt,irrelevant","a,det,irrelevant","sub-string,adj,irrelevant","between,adp,irrelevant","two,num,irrelevant","tags,noun,irrelevant","in,adp,irrelevant","a,det,irrelevant","string,noun,TECH_TAG"
"what,pron,irrelevant","is,verb,irrelevant","unit,noun,TECH_TAG","testing,verb,irrelevant"
"how,adv,irrelevant","to,prt,irrelevant","word-break,verb,irrelevant","on,adp,irrelevant","a,det,irrelevant","dash,noun,TECH_TAG"
".net,noun,irrelevant","testing,verb,irrelevant","framework,noun,TECH_TAG","advice,noun,TECH_TAG"
"why,adv,irrelevant","is,verb,irrelevant","git,adv,irrelevant","better,adj,irrelevant","than,adp,irrelevant","subversion,noun,TECH_TAG"
"should,verb,irrelevant","the,det,irrelevant","folders,noun,TECH_TAG","in,adp,irrelevant","a,det,irrelevant","solution,noun,TECH_TAG","match,noun,TECH_TAG","the,det,irrelevant","namespace,noun,TECH_TAG"
"are,verb,irrelevant","php,adj,irrelevant","variables,noun,irrelevant","passed,verb,irrelevant","by,adp,irrelevant","value,noun,TECH_TAG","or,conj,irrelevant","by,adp,irrelevant","reference,noun,TECH_TAG"
"in,adp,irrelevant",".net,noun,TECH_TAG","will,verb,irrelevant","empty,verb,irrelevant","method,noun,TECH_TAG","calls,verb,irrelevant","be,verb,irrelevant","optimized,verb,irrelevant","out,prt,irrelevant"
"illegalargumentexception,noun,irrelevant","or,conj,irrelevant","nullpointerexception,noun,irrelevant","for,adp,irrelevant","a,det,irrelevant","null,adj,irrelevant","parameter,noun,irrelevant"
"how,adv,irrelevant","do,verb,irrelevant","you,pron,irrelevant","embed,verb,irrelevant","binary,adj,irrelevant","data,noun,irrelevant","in,adp,irrelevant","xml,noun,TECH_TAG"
"is,verb,irrelevant","there,det,irrelevant","some,det,irrelevant","way,noun,TECH_TAG","to,prt,irrelevant","push,verb,irrelevant","data,noun,TECH_TAG","from,adp,irrelevant","web,noun,TECH_TAG","server,noun,TECH_TAG","to,prt,irrelevant","browser,verb,irrelevant"
"how,adv,irrelevant","would,verb,irrelevant","you,pron,irrelevant","access,noun,irrelevant","object,adj,irrelevant","properties,noun,irrelevant","from,adp,irrelevant","within,adp,irrelevant","an,det,irrelevant","object,adj,irrelevant","method,noun,irrelevant"
"who,pron,irrelevant","actually,adv,irrelevant","uses,verb,irrelevant","datagrid/gridview/formview/etc,noun,TECH_TAG","in,adp,irrelevant","production,noun,TECH_TAG","apps,noun,TECH_TAG"
"storing,verb,irrelevant","images,noun,TECH_TAG","in,adp,irrelevant","db,adj,irrelevant","yea,noun,irrelevant","or,conj,irrelevant","nay,noun,irrelevant"
"pascal,adj,irrelevant","casing,noun,irrelevant","or,conj,irrelevant","camel,noun,irrelevant","casing,noun,TECH_TAG","for,adp,irrelevant","c,noun,TECH_TAG","code,noun,TECH_TAG"
"how,adv,irrelevant","do,verb,irrelevant","you,pron,irrelevant","get,verb,irrelevant","leading,verb,irrelevant","wildcard,adj,irrelevant","full-text,adj,irrelevant","searches,noun,irrelevant","to,prt,irrelevant","work,verb,irrelevant","in,adp,irrelevant","sql,adj,irrelevant","server,noun,irrelevant"
"what,det,irrelevant","are,verb,irrelevant","some,det,irrelevant","good,adj,irrelevant",".net,noun,irrelevant","profilers,noun,TECH_TAG"
"why,adv,irrelevant","should,verb,irrelevant","events,noun,TECH_TAG","in,adp,irrelevant","c,noun,TECH_TAG","take,verb,irrelevant","sender,noun,TECH_TAG","eventargs,noun,TECH_TAG"
"httpwebrequest,adv,irrelevant","native,adj,irrelevant","gzip,noun,irrelevant","compression,noun,TECH_TAG"
"how,adv,irrelevant","to,prt,irrelevant","create,verb,irrelevant","a,det,irrelevant","system.drawing.color,noun,TECH_TAG","from,adp,irrelevant","its,pron,irrelevant","hexadecimal,adj,irrelevant","rgb,noun,irrelevant","string,noun,TECH_TAG"
"paging,verb,irrelevant","sql,noun,TECH_TAG","server,noun,TECH_TAG","2005,num,irrelevant","results,noun,irrelevant"
"web,noun,irrelevant","scraping,verb,irrelevant","etiquette,noun,TECH_TAG"
"locating,verb,irrelevant","text,noun,TECH_TAG","within,adp,irrelevant","image,noun,TECH_TAG"
"download,noun,irrelevant","pdf,noun,TECH_TAG","programmatically,adv,irrelevant"
"how,adv,irrelevant","do,verb,irrelevant","you,pron,irrelevant","feel,verb,irrelevant","about,adp,irrelevant","code,noun,TECH_TAG","folding,noun,TECH_TAG"
"shorter,noun,irrelevant","naming,verb,irrelevant","convention,noun,TECH_TAG","for,adp,irrelevant","types,noun,TECH_TAG"
"how,adv,irrelevant","would,verb,irrelevant","one,num,irrelevant","use,noun,irrelevant","system.uri,adj,irrelevant",".net,noun,irrelevant","class,noun,TECH_TAG","to,prt,irrelevant","check,verb,irrelevant","if,adp,irrelevant","the,det,irrelevant","url,noun,TECH_TAG","is,verb,irrelevant","valid,adj,irrelevant"
"how,adv,irrelevant","have,verb,irrelevant","your,pron,irrelevant","coding,verb,irrelevant","values,noun,TECH_TAG","changed,verb,irrelevant","since,adp,irrelevant","graduating,noun,TECH_TAG"
"best,adj,irrelevant","way,noun,irrelevant","to,prt,irrelevant","allow,verb,irrelevant","plugins,noun,TECH_TAG","for,adp,irrelevant","a,det,irrelevant","php,noun,TECH_TAG","application,noun,TECH_TAG"
"multiple,adj,irrelevant","submit,noun,irrelevant","buttons,noun,TECH_TAG","in,adp,irrelevant","an,det,irrelevant","html,noun,TECH_TAG","form,noun,TECH_TAG"
"how,adv,irrelevant","to,prt,irrelevant","make,verb,irrelevant","jqueryui,noun,TECH_TAG","datepicker,noun,TECH_TAG","submit,noun,TECH_TAG","in,adp,irrelevant","a,det,irrelevant","different,adj,irrelevant","format,noun,irrelevant","than,adp,irrelevant","what,pron,irrelevant","is,verb,irrelevant","being,verb,irrelevant","displayed,verb,irrelevant"
"css,noun,irrelevant","background,noun,TECH_TAG","color,noun,TECH_TAG","in,adp,irrelevant","javascript,noun,TECH_TAG"
"ca,verb,irrelevant","n't,adv,irrelevant","dynamically,adv,irrelevant","add,verb,irrelevant","rows,noun,TECH_TAG","to,prt,irrelevant","a,det,irrelevant","table,noun,TECH_TAG","in,adp,irrelevant","ie,noun,TECH_TAG"
"is,verb,irrelevant","there,det,irrelevant","a,det,irrelevant","way,noun,TECH_TAG","to,prt,irrelevant","change,verb,irrelevant","a,det,irrelevant","svn,noun,TECH_TAG","users,noun,TECH_TAG","username,verb,irrelevant","through,adp,irrelevant","the,det,irrelevant","entire,adj,irrelevant","repository,noun,irrelevant","history,noun,TECH_TAG"
"tips,noun,irrelevant","for,adp,irrelevant","avoiding,verb,irrelevant","second,adj,irrelevant","system,noun,irrelevant","syndrome,noun,TECH_TAG","closed,verb,irrelevant"
"prevent,adj,irrelevant","form,noun,irrelevant","field,noun,TECH_TAG","to,prt,irrelevant","be,verb,irrelevant","edited,verb,irrelevant","without,adp,irrelevant","disabling,verb,irrelevant","field,noun,TECH_TAG"
"how,adv,irrelevant","to,prt,irrelevant","easily,adv,irrelevant","consume,verb,irrelevant","a,det,irrelevant","web,adj,irrelevant","service,noun,irrelevant","from,adp,irrelevant","php,noun,TECH_TAG"
"which,det,irrelevant","is,verb,irrelevant","better,adv,irrelevant","white,adj,irrelevant","list,noun,irrelevant","or,conj,irrelevant","black,adj,irrelevant","list,noun,irrelevant","security,noun,TECH_TAG","or,conj,irrelevant","both,det,irrelevant"
"google,noun,irrelevant","maps,noun,TECH_TAG","api,verb,irrelevant","v3,noun,TECH_TAG","adding,verb,irrelevant","an,det,irrelevant","infowindow,noun,TECH_TAG","to,prt,irrelevant","each,det,irrelevant","marker,noun,TECH_TAG"
"recursive,adj,irrelevant","fibonacci,noun,irrelevant"
"database,noun,irrelevant","does,verb,irrelevant","not,adv,irrelevant","update,verb,irrelevant","automatically,adv,irrelevant","with,adp,irrelevant","mysql,noun,TECH_TAG","and,conj,irrelevant","python,noun,irrelevant"
"converting,verb,irrelevant","a,det,irrelevant","c-style,adj,irrelevant","string,noun,irrelevant","to,prt,irrelevant","a,det,irrelevant","c++,noun,TECH_TAG","std,noun,TECH_TAG",":string,verb,irrelevant"
"passing,verb,irrelevant","a,det,irrelevant","json,noun,TECH_TAG","object,noun,TECH_TAG","through,adp,irrelevant","post,noun,TECH_TAG","using,verb,irrelevant","python,noun,TECH_TAG"
"what,pron,irrelevant","exactly,adv,irrelevant","is,verb,irrelevant","the,det,irrelevant","model,noun,TECH_TAG","in,adp,irrelevant","mvc,noun,TECH_TAG"
"fastest,adj,irrelevant","way,noun,irrelevant","to,prt,irrelevant","search,verb,irrelevant","a,det,irrelevant","list,noun,TECH_TAG","in,adp,irrelevant","python,noun,TECH_TAG"
"python,noun,irrelevant","anyway,adv,irrelevant","to,prt,irrelevant","use,verb,irrelevant","map,noun,TECH_TAG","to,prt,irrelevant","get,verb,irrelevant","first,adj,irrelevant","element,noun,irrelevant","of,adp,irrelevant","a,det,irrelevant","tuple,noun,TECH_TAG"
"efficient,adj,irrelevant","way,noun,irrelevant","to,prt,irrelevant","convert,verb,irrelevant","strings,noun,TECH_TAG","from,adp,irrelevant","split,noun,TECH_TAG","function,noun,TECH_TAG","to,prt,irrelevant","ints,noun,irrelevant","in,adp,irrelevant","python,noun,TECH_TAG"
"depth,noun,irrelevant","first,adv,irrelevant","traversal,verb,irrelevant","on,adp,irrelevant","beautifulsoup,noun,TECH_TAG","parse,noun,TECH_TAG","tree,noun,TECH_TAG"
"anatomy,noun,irrelevant","of,adp,irrelevant","a,det,irrelevant","memory,noun,TECH_TAG","leak,noun,TECH_TAG"
"while,adp,irrelevant","applying,verb,irrelevant","opacity,noun,TECH_TAG","to,prt,irrelevant","a,det,irrelevant","form,noun,TECH_TAG","should,verb,irrelevant","we,pron,irrelevant","use,verb,irrelevant","a,det,irrelevant","decimal,noun,TECH_TAG","or,conj,irrelevant","double,adj,irrelevant","value,noun,irrelevant"
"wpf,noun,irrelevant","binding,verb,irrelevant","with,adp,irrelevant","stringformat,noun,TECH_TAG","does,verb,irrelevant","n't,adv,irrelevant","work,verb,irrelevant","on,adp,irrelevant","tooltips,noun,TECH_TAG"
"what,pron,irrelevant","is,verb,irrelevant","a,det,irrelevant","better,adj,irrelevant","file,noun,irrelevant","copy,noun,TECH_TAG","alternative,noun,TECH_TAG","than,adp,irrelevant","the,det,irrelevant","windows,noun,TECH_TAG","default,noun,TECH_TAG"
"multiple,adj,irrelevant","submit,noun,irrelevant","buttons,noun,TECH_TAG","in,adp,irrelevant","an,det,irrelevant","html,noun,TECH_TAG","form,noun,TECH_TAG"
"reliable,adj,irrelevant","timer,noun,irrelevant","in,adp,irrelevant","a,det,irrelevant","console,adj,irrelevant","application,noun,irrelevant"
"tool,noun,irrelevant","to,prt,irrelevant","monitor,verb,irrelevant","http,adj,irrelevant","tcp,noun,irrelevant","etc,x,irrelevant","web,adj,irrelevant","service,noun,irrelevant","traffic,noun,TECH_TAG","closed,verb,irrelevant"
"decode,noun,irrelevant","escaped,verb,irrelevant","url,noun,TECH_TAG","without,adp,irrelevant","using,verb,irrelevant","httputility.urldecode,noun,TECH_TAG"
"threadstart,noun,irrelevant","with,adp,irrelevant","parameters,noun,TECH_TAG"
"floating,verb,irrelevant","point,noun,TECH_TAG","number,noun,TECH_TAG","parsing,noun,TECH_TAG","is,verb,irrelevant","there,adv,irrelevant","a,det,irrelevant","catch,noun,TECH_TAG","all,det,irrelevant","algorithm,noun,TECH_TAG"
"multiple,adj,irrelevant","submit,noun,irrelevant","buttons,noun,TECH_TAG","in,adp,irrelevant","an,det,irrelevant","html,noun,TECH_TAG","form,noun,TECH_TAG"
"coalesce,noun,irrelevant","function,noun,TECH_TAG","for,adp,irrelevant","php,noun,TECH_TAG"
"best,adj,irrelevant","way,noun,irrelevant","to,prt,irrelevant","allow,verb,irrelevant","plugins,noun,TECH_TAG","for,adp,irrelevant","a,det,irrelevant","php,noun,TECH_TAG","application,noun,TECH_TAG"
"creating,verb,irrelevant","a,det,irrelevant","custom,noun,TECH_TAG","button,noun,TECH_TAG","in,adp,irrelevant","java,noun,TECH_TAG"
"how,adv,irrelevant","to,prt,irrelevant","include,verb,irrelevant","php,adj,irrelevant","files,noun,irrelevant","that,det,irrelevant","require,verb,irrelevant","an,det,irrelevant","absolute,adj,irrelevant","path,noun,irrelevant"
"is,verb,irrelevant","mysql,verb,irrelevant","really,adv,irrelevant","this,det,irrelevant","bad,adj,irrelevant","closed,verb,irrelevant"
"efficient,adj,irrelevant","jpeg,noun,irrelevant","image,noun,TECH_TAG","resizing,verb,irrelevant","in,adp,irrelevant","php,noun,TECH_TAG"
"select,adj,irrelevant","current,adj,irrelevant","date,noun,irrelevant","by,adp,irrelevant","default,noun,TECH_TAG","in,adp,irrelevant","asp.net,noun,TECH_TAG","calendar,noun,TECH_TAG","control,noun,TECH_TAG"
"compiled,verb,irrelevant","php,noun,TECH_TAG"
"linux,noun,irrelevant","shell,noun,TECH_TAG","equivalent,noun,TECH_TAG","on,adp,irrelevant","iis,noun,TECH_TAG"
"c,noun,irrelevant","and,conj,irrelevant","arrow,verb,irrelevant","keys,noun,TECH_TAG"
"unloading,verb,irrelevant","a,det,irrelevant","bytearray,noun,TECH_TAG","in,adp,irrelevant","actionscript,noun,TECH_TAG","3,num,irrelevant"
"unloading,verb,irrelevant","a,det,irrelevant","bytearray,noun,TECH_TAG","in,adp,irrelevant","actionscript,noun,TECH_TAG","3,num,irrelevant"
"displaying,verb,irrelevant","100,num,irrelevant","floating,verb,irrelevant","cubes,noun,TECH_TAG","using,verb,irrelevant","directx,noun,TECH_TAG","or,conj,irrelevant","opengl,noun,irrelevant"
".net,noun,irrelevant","scanning,verb,irrelevant","api,noun,TECH_TAG"
"how,adv,irrelevant","do,verb,irrelevant","i,verb,irrelevant","run,verb,irrelevant","a,det,irrelevant","simple,adj,irrelevant","bit,noun,irrelevant","of,adp,irrelevant","code,noun,TECH_TAG","in,adp,irrelevant","a,det,irrelevant","new,adj,irrelevant","thread,noun,irrelevant"
"how,adv,irrelevant","to,prt,irrelevant","get,verb,irrelevant","only,adv,irrelevant","directory,adj,irrelevant","name,noun,irrelevant","from,adp,irrelevant","savefiledialog.filename,noun,TECH_TAG"
"lightweight,adj,irrelevant","source,noun,irrelevant","control,noun,TECH_TAG"
"how,adv,irrelevant","do,verb,irrelevant","you,pron,irrelevant","deal,verb,irrelevant","with,adp,irrelevant","lots,noun,TECH_TAG","of,adp,irrelevant","small,adj,irrelevant","files,noun,irrelevant"
"listbox,adj,irrelevant","keep,verb,irrelevant","selection,noun,TECH_TAG","after,adp,irrelevant","losing,verb,irrelevant","focus,noun,TECH_TAG"
"run,verb,irrelevant","a,det,irrelevant","task,noun,TECH_TAG","every,det,irrelevant","x-minutes,noun,TECH_TAG","with,adp,irrelevant","windows,noun,TECH_TAG","task,verb,irrelevant","scheduler,noun,TECH_TAG"
"how,adv,irrelevant","can,verb,irrelevant","i,verb,irrelevant","find,verb,irrelevant","the,det,irrelevant","method,noun,TECH_TAG","that,det,irrelevant","called,verb,irrelevant","the,det,irrelevant","current,adj,irrelevant","method,noun,irrelevant"
"why,adv,irrelevant","there,det,irrelevant","is,verb,irrelevant","no,det,irrelevant","foreach,noun,TECH_TAG","extension,noun,TECH_TAG","method,noun,TECH_TAG","on,adp,irrelevant","ienumerable,adj,irrelevant"
"reading,verb,irrelevant","a,det,irrelevant","c/c++,noun,TECH_TAG","data,noun,TECH_TAG","structure,noun,TECH_TAG","in,adp,irrelevant","c,noun,TECH_TAG","from,adp,irrelevant","a,det,irrelevant","byte,noun,TECH_TAG","array,noun,TECH_TAG"
"how,adv,irrelevant","do,verb,irrelevant","you,pron,irrelevant","handle,verb,irrelevant","huge,adj,irrelevant","if-conditions,noun,irrelevant"
"how,adv,irrelevant","to,prt,irrelevant","add,verb,irrelevant","a,det,irrelevant","whole,adj,irrelevant","directory,noun,irrelevant","or,conj,irrelevant","project,noun,irrelevant","output,noun,TECH_TAG","to,prt,irrelevant","wix,verb,irrelevant","package,noun,TECH_TAG"
"case-insensitive,adj,irrelevant","string,noun,irrelevant","comparison,noun,TECH_TAG","in,adp,irrelevant","c++,noun,TECH_TAG"
"overload,noun,irrelevant","a,det,irrelevant","c++,noun,TECH_TAG","function,noun,TECH_TAG","according,verb,irrelevant","to,prt,irrelevant","the,det,irrelevant","return,noun,TECH_TAG","value,noun,TECH_TAG"
"anatomy,noun,irrelevant","of,adp,irrelevant","a,det,irrelevant","memory,noun,TECH_TAG","leak,noun,TECH_TAG"
"switch,verb,irrelevant","statement,noun,TECH_TAG","fallthrough,noun,TECH_TAG","in,adp,irrelevant","c,noun,TECH_TAG"
"throw,verb,irrelevant","an,det,irrelevant","error,noun,TECH_TAG","in,adp,irrelevant","a,det,irrelevant","mysql,noun,TECH_TAG","trigger,noun,TECH_TAG"
"logger.debug,noun,irrelevant","not,adv,irrelevant","writing,verb,irrelevant","to,prt,irrelevant","log,verb,irrelevant","file,noun,TECH_TAG","in,adp,irrelevant","rails,noun,TECH_TAG"
"in,adp,irrelevant","cakephp,adj,irrelevant","how,adv,irrelevant","can,verb,irrelevant","you,pron,irrelevant","determine,verb,irrelevant","if,adp,irrelevant","a,det,irrelevant","field,noun,TECH_TAG","was,verb,irrelevant","changed,verb,irrelevant","in,adp,irrelevant","an,det,irrelevant","edit,noun,TECH_TAG","action,noun,TECH_TAG"
"validate,adj,irrelevant","field,noun,irrelevant","in,adp,irrelevant","model,noun,TECH_TAG","with,adp,irrelevant","no,det,irrelevant","table,noun,TECH_TAG","cakephp,noun,TECH_TAG"
"session,noun,irrelevant","not,adv,irrelevant","saving,verb,irrelevant","when,adv,irrelevant","moving,verb,irrelevant","from,adp,irrelevant","ssl,noun,TECH_TAG","to,prt,irrelevant","non-ssl,adj,irrelevant"
"how,adv,irrelevant","do,verb,irrelevant","you,pron,irrelevant","troubleshoot,verb,irrelevant","an,det,irrelevant","internal,adj,irrelevant","error,noun,irrelevant","error,noun,TECH_TAG","from,adp,irrelevant","paypal,adj,irrelevant","website,adj,irrelevant","payments,noun,irrelevant","pro,x,irrelevant"
"an,det,irrelevant","alternative,noun,TECH_TAG","to,prt,irrelevant","php,verb,irrelevant","tidy,noun,TECH_TAG"
"why,adv,irrelevant","does,verb,irrelevant","n't,adv,irrelevant","this,det,irrelevant","jekyll,noun,TECH_TAG","liquid,noun,TECH_TAG","where,adv,irrelevant","filter,noun,irrelevant","filter,noun,TECH_TAG"
"how,adv,irrelevant","do,verb,irrelevant","i,verb,irrelevant","fix,verb,irrelevant","a,det,irrelevant","parser,noun,TECH_TAG","mismatched,verb,irrelevant","metadata,noun,TECH_TAG","error,noun,TECH_TAG","from,adp,irrelevant","the,det,irrelevant","facebook,noun,TECH_TAG","open,adj,irrelevant","graph,noun,irrelevant","debug,noun,TECH_TAG","tool,noun,TECH_TAG"
"how,adv,irrelevant","do,verb,irrelevant","you,pron,irrelevant","increase,verb,irrelevant","the,det,irrelevant","height,noun,TECH_TAG","of,adp,irrelevant","the,det,irrelevant","x-axis,adj,irrelevant","labels,noun,irrelevant","area,noun,TECH_TAG","on,adp,irrelevant","a,det,irrelevant","highchart.js,adj,irrelevant","chart,noun,irrelevant"
"select,noun,irrelevant","all,det,irrelevant","columns,verb,irrelevant","except,adp,irrelevant","one,num,irrelevant","in,adp,irrelevant","mysql,noun,TECH_TAG"
"compressing,verb,irrelevant","decompressing,verb,irrelevant","folders,noun,TECH_TAG","files,noun,TECH_TAG"
"backup,noun,irrelevant","sql,noun,TECH_TAG","schema,verb,irrelevant","only,adv,irrelevant"
"what,det,irrelevant","are,verb,irrelevant","the,det,irrelevant","most,adv,irrelevant","important,adj,irrelevant","functional,adj,irrelevant","differences,noun,irrelevant","between,adp,irrelevant","c,noun,TECH_TAG","and,conj,irrelevant","vb.net,noun,irrelevant"
"can,verb,irrelevant",".net,verb,irrelevant","4.0,num,irrelevant","developed,adj,irrelevant","web,noun,irrelevant","reference,noun,TECH_TAG","be,verb,irrelevant","added,verb,irrelevant","to,prt,irrelevant","a,det,irrelevant",".net,noun,TECH_TAG","2.0,num,irrelevant","web,noun,irrelevant","service,noun,TECH_TAG"
"system.net.ipaddress,noun,irrelevant","returning,verb,irrelevant","weird,adj,irrelevant","addresses,noun,irrelevant"
"stop,adj,irrelevant","log4net,noun,irrelevant","logging,verb,irrelevant","process,noun,TECH_TAG","and,conj,irrelevant","remove,verb,irrelevant","log,noun,TECH_TAG","file,noun,TECH_TAG","lock,noun,TECH_TAG"
"how,adv,irrelevant","do,verb,irrelevant","i,verb,irrelevant","read,verb,irrelevant","in,adp,irrelevant","a,det,irrelevant","datasetname,noun,TECH_TAG","from,adp,irrelevant","an,det,irrelevant","xml,noun,TECH_TAG","file,noun,TECH_TAG","using,verb,irrelevant","readxml,noun,TECH_TAG","in,adp,irrelevant",".net,noun,TECH_TAG"
"pausing,verb,irrelevant","sounds,noun,TECH_TAG","with,adp,irrelevant","soundcloud,adj,irrelevant","api,noun,irrelevant"
"visual,adj,irrelevant","studio,noun,irrelevant","command,noun,TECH_TAG","to,prt,irrelevant","collapse,verb,irrelevant","all,det,irrelevant","sections,noun,TECH_TAG","of,adp,irrelevant","code,noun,TECH_TAG"
"creating,verb,irrelevant","a,det,irrelevant","byte,adj,irrelevant","array,noun,irrelevant","from,adp,irrelevant","a,det,irrelevant","stream,noun,TECH_TAG"
"colspan,noun,irrelevant","all,det,irrelevant","columns,noun,TECH_TAG"
"how,adv,irrelevant","to,prt,irrelevant","get,verb,irrelevant","just,adv,irrelevant","numeric,adj,irrelevant","part,noun,irrelevant","of,adp,irrelevant","css,adj,irrelevant","property,noun,irrelevant","with,adp,irrelevant","jquery,noun,TECH_TAG"
"why,adv,irrelevant","is,verb,irrelevant","it,pron,irrelevant","considered,verb,irrelevant","a,det,irrelevant","bad,adj,irrelevant","practice,noun,irrelevant","to,prt,irrelevant","omit,verb,irrelevant","curly,adj,irrelevant","braces,noun,irrelevant","closed,verb,irrelevant"
"generating,verb,irrelevant","an,det,irrelevant","array,noun,TECH_TAG","of,adp,irrelevant","letters,noun,TECH_TAG","in,adp,irrelevant","the,det,irrelevant","alphabet,noun,TECH_TAG"
"add,verb,irrelevant","spaces,noun,TECH_TAG","before,adp,irrelevant","capital,noun,TECH_TAG","letters,noun,TECH_TAG"
"what,pron,irrelevant","is,verb,irrelevant","doctype,adj,irrelevant"
"how,adv,irrelevant","does,verb,irrelevant","regexoptions.compiled,verb,irrelevant","work,noun,TECH_TAG"
"how,adv,irrelevant","many,adj,irrelevant","concurrent,adj,irrelevant","ajax,noun,irrelevant","xmlhttprequest,adj,irrelevant","requests,noun,irrelevant","are,verb,irrelevant","allowed,verb,irrelevant","in,adp,irrelevant","popular,adj,irrelevant","browsers,noun,irrelevant"
"big,adj,irrelevant","o,noun,irrelevant","how,adv,irrelevant","do,verb,irrelevant","you,pron,irrelevant","calculate/approximate,verb,irrelevant","it,pron,irrelevant"
"c++,noun,irrelevant","ide,noun,TECH_TAG","for,adp,irrelevant","linux,noun,TECH_TAG","closed,verb,irrelevant"
"detect,verb,irrelevant","virtualized,verb,irrelevant","os,adv,irrelevant","from,adp,irrelevant","an,det,irrelevant","application,noun,TECH_TAG"
"how,adv,irrelevant","do,verb,irrelevant","i,verb,irrelevant","perform,verb,irrelevant","an,det,irrelevant","ifthen,noun,TECH_TAG","in,adp,irrelevant","an,det,irrelevant","sql,noun,TECH_TAG","select,noun,TECH_TAG"
"pass,noun,irrelevant","by,adp,irrelevant","reference,noun,TECH_TAG","or,conj,irrelevant","pass,noun,irrelevant","by,adp,irrelevant","value,noun,TECH_TAG","closed,verb,irrelevant"
"stackless,noun,irrelevant","python,noun,TECH_TAG","and,conj,irrelevant","multicores,noun,irrelevant"
"pass,noun,irrelevant","by,adp,irrelevant","reference,noun,TECH_TAG","or,conj,irrelevant","pass,noun,irrelevant","by,adp,irrelevant","value,noun,TECH_TAG"
"displaying,verb,irrelevant","flash,noun,TECH_TAG","content,noun,TECH_TAG","in,adp,irrelevant","a,det,irrelevant","c,noun,TECH_TAG","winforms,verb,irrelevant","application,noun,TECH_TAG"
"is,verb,irrelevant","it,pron,irrelevant","possible,adj,irrelevant","to,prt,irrelevant","create,verb,irrelevant","threads,noun,TECH_TAG","without,adp,irrelevant","system,noun,TECH_TAG","calls,verb,irrelevant","in,adp,irrelevant","linux,noun,TECH_TAG","x86,noun,TECH_TAG","gas,noun,TECH_TAG","assembly,noun,TECH_TAG"
"big,adj,irrelevant","o,noun,irrelevant","how,adv,irrelevant","do,verb,irrelevant","you,pron,irrelevant","calculate/approximate,verb,irrelevant","it,pron,irrelevant"
"binary,adj,irrelevant","data,noun,irrelevant","in,adp,irrelevant","mysql,noun,TECH_TAG"
"how,adv,irrelevant","to,prt,irrelevant","export,verb,irrelevant","data,noun,TECH_TAG","from,adp,irrelevant","sql,noun,TECH_TAG","server,noun,TECH_TAG","2005,num,irrelevant","to,prt,irrelevant","mysql,verb,irrelevant","closed,adj,irrelevant"
"sql,adj,irrelevant","query,noun,irrelevant","to,prt,irrelevant","show,verb,irrelevant","nearest,adj,irrelevant","date,noun,irrelevant"
"is,verb,irrelevant","it,pron,irrelevant","possible,adj,irrelevant","to,prt,irrelevant","display,verb,irrelevant","'https,num,irrelevant","//,noun,irrelevant","in,adp,irrelevant","the,det,irrelevant","url,noun,TECH_TAG","without,adp,irrelevant","using,verb,irrelevant","https,noun,TECH_TAG"
"shell_exec,noun,irrelevant","without,adp,irrelevant","waiting,verb,irrelevant","for,adp,irrelevant","the,det,irrelevant","output,noun,TECH_TAG"
"choose,verb,irrelevant","bower,adj,irrelevant","install,noun,irrelevant","directory,noun,TECH_TAG"
"how,adv,irrelevant","do,verb,irrelevant","i,adv,irrelevant","make,verb,irrelevant","a,det,irrelevant","checkbox,noun,TECH_TAG","toggle,noun,TECH_TAG","from,adp,irrelevant","clicking,verb,irrelevant","on,adp,irrelevant","the,det,irrelevant","text,noun,TECH_TAG","label,noun,TECH_TAG","as,adp,irrelevant","well,adv,irrelevant"
"how,adv,irrelevant","to,prt,irrelevant","make,verb,irrelevant","subdomain,noun,TECH_TAG","user,adj,irrelevant","accounts,noun,irrelevant","in,adp,irrelevant","a,det,irrelevant","webapp,noun,TECH_TAG"
"what,det,irrelevant","are,verb,irrelevant","the,det,irrelevant","advantages,noun,TECH_TAG","of,adp,irrelevant","using,verb,irrelevant","svn,noun,TECH_TAG","over,adp,irrelevant","cvs,noun,TECH_TAG"
"error_log,noun,irrelevant","per,adp,irrelevant","virtual,adj,irrelevant","host,noun,irrelevant"
"how,adv,irrelevant","do,verb,irrelevant","you,pron,irrelevant","sort,verb,irrelevant","a,det,irrelevant","dictionary,noun,TECH_TAG","by,adp,irrelevant","value,noun,TECH_TAG"
"can,verb,irrelevant","i,verb,irrelevant","add,verb,irrelevant","extension,noun,TECH_TAG","methods,noun,TECH_TAG","to,prt,irrelevant","an,det,irrelevant","existing,verb,irrelevant","static,adj,irrelevant","class,noun,irrelevant"
"how,adv,irrelevant","do,verb,irrelevant","you,pron,irrelevant","make,verb,irrelevant","sure,adj,irrelevant","email,noun,irrelevant","you,pron,irrelevant","send,verb,irrelevant","programmatically,adv,irrelevant","is,verb,irrelevant","not,adv,irrelevant","automatically,adv,irrelevant","marked,verb,irrelevant","as,adp,irrelevant","spam,noun,TECH_TAG"
"what,pron,irrelevant","is,verb,irrelevant","the,det,irrelevant","fastest,adj,irrelevant","way,noun,irrelevant","to,prt,irrelevant","get,verb,irrelevant","the,det,irrelevant","value,noun,TECH_TAG","of,adp,irrelevant"
"how,adv,irrelevant","best,adj,irrelevant","to,prt,irrelevant","copy,verb,irrelevant","entire,adj,irrelevant","databases,noun,irrelevant","in,adp,irrelevant","ms,noun,TECH_TAG","sql,noun,TECH_TAG","server,noun,TECH_TAG"
"why,adv,irrelevant","are,verb,irrelevant","there,adv,irrelevant","so,adv,irrelevant","few,adj,irrelevant","modal-editors,noun,irrelevant","that,det,irrelevant","are,verb,irrelevant","n't,adv,irrelevant","vi*,adj,irrelevant"
"adding,verb,irrelevant","scripting,verb,irrelevant","functionality,noun,TECH_TAG","to,prt,irrelevant",".net,verb,irrelevant","applications,noun,TECH_TAG"
"any,det,irrelevant","decent,adj,irrelevant","c,noun,irrelevant","profilers,noun,TECH_TAG","out,prt,irrelevant","there,adv,irrelevant"
"how,adv,irrelevant","do,verb,irrelevant","i,verb,irrelevant","connect,noun,TECH_TAG","to,prt,irrelevant","a,det,irrelevant","database,noun,TECH_TAG","and,conj,irrelevant","loop,noun,irrelevant","over,adp,irrelevant","a,det,irrelevant","recordset,noun,TECH_TAG","in,adp,irrelevant","c,noun,TECH_TAG"
"how,adv,irrelevant","do,verb,irrelevant","i,verb,irrelevant","configure,noun,TECH_TAG","visual,adj,irrelevant","studio,noun,irrelevant","to,prt,irrelevant","use,verb,irrelevant","the,det,irrelevant","code,noun,TECH_TAG","view,noun,TECH_TAG","as,adp,irrelevant","the,det,irrelevant","default,noun,TECH_TAG","view,noun,TECH_TAG","for,adp,irrelevant","webservices,noun,TECH_TAG"
"what,pron,irrelevant","is,verb,irrelevant","the,det,irrelevant","difference,noun,TECH_TAG","between,adp,irrelevant","a,det,irrelevant","deep,adj,irrelevant","copy,noun,irrelevant","and,conj,irrelevant","a,det,irrelevant","shallow,adj,irrelevant","copy,noun,irrelevant"
"coding,verb,irrelevant","in,adp,irrelevant","other,adj,irrelevant","spoken,adj,irrelevant","languages,noun,irrelevant"
"error_log,noun,irrelevant","per,adp,irrelevant","virtual,adj,irrelevant","host,noun,irrelevant"
"php,noun,irrelevant","mysql,noun,TECH_TAG","insert,adj,irrelevant","return,noun,irrelevant","value,noun,TECH_TAG","with,adp,irrelevant","one,num,irrelevant","query,noun,irrelevant","execution,noun,TECH_TAG"
"using,verb,irrelevant","jquery,noun,TECH_TAG","fancybox,noun,TECH_TAG","or,conj,irrelevant","lightbox,noun,irrelevant","to,prt,irrelevant","display,verb,irrelevant","a,det,irrelevant","contact,noun,TECH_TAG","form,noun,TECH_TAG"
"how,adv,irrelevant","to,prt,irrelevant","get,verb,irrelevant","return,adj,irrelevant","value,noun,irrelevant","from,adp,irrelevant","switch,noun,TECH_TAG","statement,noun,TECH_TAG"
"quoting,verb,irrelevant","constants,noun,TECH_TAG","in,adp,irrelevant","php,noun,TECH_TAG","this,det,irrelevant","is,verb,irrelevant","a,det,irrelevant","my_constant,noun,TECH_TAG"
"what,pron,irrelevant","is,verb,irrelevant","a,det,irrelevant","good,adj,irrelevant","barebones,noun,irrelevant","cms,noun,TECH_TAG","or,conj,irrelevant","framework,noun,irrelevant","closed,verb,irrelevant"
"best,adj,irrelevant","way,noun,irrelevant","to,prt,irrelevant","allow,verb,irrelevant","plugins,noun,TECH_TAG","for,adp,irrelevant","a,det,irrelevant","php,noun,TECH_TAG","application,noun,TECH_TAG"
"tutorial,noun,irrelevant","for,adp,irrelevant","python,noun,TECH_TAG","should,verb,irrelevant","i,verb,irrelevant","use,noun,TECH_TAG","2.x,num,irrelevant","or,conj,irrelevant","3.0,num,irrelevant"
"how,adv,irrelevant","to,prt,irrelevant","request,verb,irrelevant","a,det,irrelevant","random,noun,TECH_TAG","row,noun,TECH_TAG","in,adp,irrelevant","sql,noun,TECH_TAG"
"recommended,verb,irrelevant","sql,adj,irrelevant","database,noun,irrelevant","design,noun,TECH_TAG","for,adp,irrelevant","tags,noun,TECH_TAG","or,conj,irrelevant","tagging,noun,irrelevant"
"function,noun,irrelevant","to,prt,irrelevant","calculate,verb,irrelevant","median,adj,irrelevant","in,adp,irrelevant","sql,noun,TECH_TAG","server,noun,TECH_TAG"
"creating,verb,irrelevant","rounded,verb,irrelevant","corners,noun,TECH_TAG","using,verb,irrelevant","css,noun,TECH_TAG"
"how,adv,irrelevant","do,verb,irrelevant","i,verb,irrelevant","unignore,verb,irrelevant","a,det,irrelevant","file,noun,TECH_TAG","in,adp,irrelevant","tortoisesvn,noun,TECH_TAG"
"best,adj,irrelevant","way,noun,irrelevant","to,prt,irrelevant","get,verb,irrelevant","whole,adj,irrelevant","number,noun,irrelevant","part,noun,TECH_TAG","of,adp,irrelevant","a,det,irrelevant","decimal,adj,irrelevant","number,noun,irrelevant"
"where,adv,irrelevant","are,verb,irrelevant","these,det,irrelevant","poll,noun,TECH_TAG","requests,noun,TECH_TAG","from,adp,irrelevant","signalr,adj,irrelevant","coming,verb,irrelevant","from,adp,irrelevant"
"unit,noun,irrelevant","testing,verb,irrelevant","asp.net,adj,irrelevant","web,noun,irrelevant","site,noun,TECH_TAG","project,noun,TECH_TAG","code,noun,TECH_TAG","stored,verb,irrelevant","in,adp,irrelevant","app_code,noun,TECH_TAG"
"make,verb,irrelevant","abc,noun,TECH_TAG","ordered,adj,irrelevant","list,noun,irrelevant","items,noun,TECH_TAG","have,verb,irrelevant","bold,verb,irrelevant","style,noun,TECH_TAG"
"get,verb,irrelevant","path,noun,TECH_TAG","to,prt,irrelevant","execution,verb,irrelevant","directory,noun,TECH_TAG","of,adp,irrelevant","windows,noun,TECH_TAG","forms,noun,TECH_TAG","application,noun,TECH_TAG"
"learning,verb,irrelevant","to,prt,irrelevant","write,verb,irrelevant","a,det,irrelevant","compiler,noun,TECH_TAG"
"free,adj,irrelevant","network,noun,irrelevant","monitor,noun,TECH_TAG"
"how,adv,irrelevant","can,verb,irrelevant","i,verb,irrelevant","modify,verb,irrelevant",".xfdl,adj,irrelevant","files,noun,irrelevant","update,verb,irrelevant","1,num,irrelevant"
"what,det,irrelevant","are,verb,irrelevant","the,det,irrelevant","correct,adj,irrelevant","pixel,noun,irrelevant","dimensions,noun,TECH_TAG","for,adp,irrelevant","an,det,irrelevant","apple-touch-icon,noun,TECH_TAG"
"how,adv,irrelevant","can,verb,irrelevant","i,verb,irrelevant","modify,verb,irrelevant",".xfdl,adj,irrelevant","files,noun,irrelevant","update,verb,irrelevant","1,num,irrelevant"
"xml,noun,irrelevant","editing/viewing,verb,irrelevant","software,noun,TECH_TAG"
"linux,noun,irrelevant","shell,noun,TECH_TAG","equivalent,noun,TECH_TAG","on,adp,irrelevant","iis,noun,TECH_TAG"
"getting,verb,irrelevant","the,det,irrelevant","remote,adj,irrelevant","name,noun,irrelevant","address,noun,TECH_TAG","not,adv,irrelevant","ip,verb,irrelevant"
"why,adv,irrelevant","do,verb,irrelevant","you,pron,irrelevant","use,verb,irrelevant","typedef,noun,TECH_TAG","when,adv,irrelevant","declaring,verb,irrelevant","an,det,irrelevant","enum,noun,TECH_TAG","in,adp,irrelevant","c++,noun,TECH_TAG"
"how,adv,irrelevant","to,prt,irrelevant","word-break,verb,irrelevant","on,adp,irrelevant","a,det,irrelevant","dash,noun,TECH_TAG"
"windows,noun,irrelevant","equivalent,noun,TECH_TAG","of,adp,irrelevant","'nice,noun,TECH_TAG"
"while,adp,irrelevant","applying,verb,irrelevant","opacity,noun,TECH_TAG","to,prt,irrelevant","a,det,irrelevant","form,noun,TECH_TAG","should,verb,irrelevant","we,pron,irrelevant","use,verb,irrelevant","a,det,irrelevant","decimal,noun,TECH_TAG","or,conj,irrelevant","double,adj,irrelevant","value,noun,irrelevant"
"what,pron,irrelevant","'s,verb,irrelevant","the,det,irrelevant","best,adj,irrelevant","way,noun,irrelevant","to,prt,irrelevant","generate,verb,irrelevant","a,det,irrelevant","tag,adj,irrelevant","cloud,noun,irrelevant","from,adp,irrelevant","an,det,irrelevant","array,noun,TECH_TAG","using,verb,irrelevant","h1,noun,TECH_TAG","through,adp,irrelevant","h6,noun,TECH_TAG","for,adp,irrelevant","sizing,verb,irrelevant"
"what,pron,irrelevant","is,verb,irrelevant","the,det,irrelevant","difference,noun,TECH_TAG","between,adp,irrelevant","++i,noun,TECH_TAG","and,conj,irrelevant","i++,noun,irrelevant"
"floating,verb,irrelevant","point,noun,TECH_TAG","number,noun,TECH_TAG","parsing,noun,TECH_TAG","is,verb,irrelevant","there,adv,irrelevant","a,det,irrelevant","catch,noun,TECH_TAG","all,det,irrelevant","algorithm,noun,TECH_TAG"
"algorithm,noun,irrelevant","for,adp,irrelevant","finding,verb,irrelevant","redundant,adj,irrelevant","edges,noun,irrelevant","in,adp,irrelevant","a,det,irrelevant","graph,noun,TECH_TAG","or,conj,irrelevant","tree,noun,irrelevant"
"what,pron,irrelevant","'s,verb,irrelevant","the,det,irrelevant","shortest,adj,irrelevant","code,noun,irrelevant","to,prt,irrelevant","cause,verb,irrelevant","a,det,irrelevant","stack,noun,TECH_TAG","overflow,noun,TECH_TAG"
"java,noun,irrelevant","lib,noun,TECH_TAG","or,conj,irrelevant","app,noun,irrelevant","to,prt,irrelevant","convert,verb,irrelevant","csv,noun,TECH_TAG","to,prt,irrelevant","xml,verb,irrelevant","file,noun,TECH_TAG"
"can,verb,irrelevant","i,verb,irrelevant","find,verb,irrelevant","out,prt,irrelevant","the,det,irrelevant","return,noun,TECH_TAG","value,noun,TECH_TAG","before,adp,irrelevant","returning,verb,irrelevant","while,adp,irrelevant","debugging,verb,irrelevant","in,adp,irrelevant","visual,adj,irrelevant","studio,noun,irrelevant"
"landscape,noun,irrelevant","printing,verb,irrelevant","from,adp,irrelevant","html,noun,TECH_TAG"
"why,adv,irrelevant","are,verb,irrelevant","unsigned,adj,irrelevant","int,noun,irrelevant","'s,prt,irrelevant","not,adv,irrelevant","cls,adj,irrelevant","compliant,noun,irrelevant"
"http,noun,irrelevant","head,noun,TECH_TAG","request,noun,TECH_TAG","in,adp,irrelevant","javascript/ajax,noun,TECH_TAG"
"refused,verb,irrelevant","to,prt,irrelevant","execute,verb,irrelevant","a,det,irrelevant","javascript,noun,TECH_TAG","script,noun,TECH_TAG","source,noun,TECH_TAG","code,noun,TECH_TAG","of,adp,irrelevant","script,noun,TECH_TAG","found,verb,irrelevant","within,adp,irrelevant","request,noun,TECH_TAG"
"why,adv,irrelevant","is,verb,irrelevant","array.length,det,irrelevant","an,det,irrelevant","int,noun,TECH_TAG","and,conj,irrelevant","not,adv,irrelevant","an,det,irrelevant","uint,adj,irrelevant","duplicate,noun,irrelevant"
"is,verb,irrelevant","a,det,irrelevant","double,adj,irrelevant","really,adv,irrelevant","unsuitable,adj,irrelevant","for,adp,irrelevant","money,noun,TECH_TAG"
"how,adv,irrelevant","to,prt,irrelevant","let,verb,irrelevant","an,det,irrelevant","asmx,noun,TECH_TAG","file,noun,TECH_TAG","output,noun,TECH_TAG","json,noun,TECH_TAG"
"how,adv,irrelevant","to,prt,irrelevant","get,verb,irrelevant","username,adj,irrelevant","without,adp,irrelevant","domain,noun,TECH_TAG"
"generic,adj,irrelevant","method,noun,irrelevant","in,adp,irrelevant","java,noun,TECH_TAG","without,adp,irrelevant","generic,adj,irrelevant","argument,noun,irrelevant"
"mod-rewrite,adj,irrelevant","loading,noun,irrelevant","files,noun,TECH_TAG","behind,adp,irrelevant","the,det,irrelevant","documentroot,noun,TECH_TAG"
"does,verb,irrelevant","box2d,adj,irrelevant","work,noun,irrelevant","on,adp,irrelevant","xbox,noun,TECH_TAG"
"how,adv,irrelevant","can,verb,irrelevant","i,verb,irrelevant","see,verb,irrelevant","what,pron,irrelevant","i,verb,irrelevant","am,verb,irrelevant","about,adp,irrelevant","to,prt,irrelevant","push,verb,irrelevant","with,adp,irrelevant","git,noun,TECH_TAG"
"make,verb,irrelevant","xampp/apache,noun,TECH_TAG","serve,noun,TECH_TAG","file,noun,TECH_TAG","outside,adp,irrelevant","of,adp,irrelevant","htdocs,noun,TECH_TAG"
"auto,noun,irrelevant","generate,noun,TECH_TAG","database,noun,TECH_TAG","diagram,noun,TECH_TAG","mysql,noun,TECH_TAG","closed,verb,irrelevant"
"make,verb,irrelevant","xampp/apache,noun,TECH_TAG","serve,noun,TECH_TAG","file,noun,TECH_TAG","outside,adp,irrelevant","of,adp,irrelevant","htdocs,noun,TECH_TAG","closed,verb,irrelevant"
"how,adv,irrelevant","do,verb,irrelevant","you,pron,irrelevant","branch,verb,irrelevant","and,conj,irrelevant","merge,verb,irrelevant","with,adp,irrelevant","tortoisesvn,noun,TECH_TAG","closed,verb,irrelevant"
"are,verb,irrelevant","php,adj,irrelevant","variables,noun,irrelevant","passed,verb,irrelevant","by,adp,irrelevant","value,noun,TECH_TAG","or,conj,irrelevant","by,adp,irrelevant","reference,noun,TECH_TAG"
"what,pron,irrelevant","is,verb,irrelevant","the,det,irrelevant","difference,noun,TECH_TAG","between,adp,irrelevant","pull,noun,TECH_TAG","and,conj,irrelevant","clone,noun,irrelevant","in,adp,irrelevant","git,noun,TECH_TAG"
"what,pron,irrelevant","is,verb,irrelevant","the,det,irrelevant","difference,noun,TECH_TAG","between,adp,irrelevant","an,det,irrelevant","int,noun,TECH_TAG","and,conj,irrelevant","an,det,irrelevant","integer,noun,TECH_TAG","in,adp,irrelevant","java,noun,TECH_TAG","and,conj,irrelevant","c,noun,irrelevant"
"do,verb,irrelevant","you,pron,irrelevant","need,verb,irrelevant","text/javascript,noun,TECH_TAG","specified,verb,irrelevant","in,adp,irrelevant","your,pron,irrelevant","script,noun,irrelevant","tags,noun,TECH_TAG"
"how,adv,irrelevant","to,prt,irrelevant","display,verb,irrelevant","selected,verb,irrelevant","item,noun,TECH_TAG","in,adp,irrelevant","bootstrap,noun,TECH_TAG","button,noun,TECH_TAG","dropdown,noun,TECH_TAG","title,noun,TECH_TAG"
"php,noun,irrelevant","session,noun,TECH_TAG","security,noun,TECH_TAG"
"flat,adj,irrelevant","file,noun,irrelevant","databases,noun,TECH_TAG","closed,verb,irrelevant"
"when,adv,irrelevant","to,prt,irrelevant","use,verb,irrelevant","unsigned,adj,irrelevant","values,noun,irrelevant","over,adp,irrelevant","signed,verb,irrelevant","ones,noun,TECH_TAG"
"how,adv,irrelevant","do,verb,irrelevant","i,verb,irrelevant","sync,verb,irrelevant","the,det,irrelevant","svn,adj,irrelevant","revision,noun,irrelevant","number,noun,TECH_TAG","with,adp,irrelevant","my,pron,irrelevant","asp.net,noun,irrelevant","web,noun,TECH_TAG","site,noun,TECH_TAG"
"any,det,irrelevant","experiences,noun,TECH_TAG","with,adp,irrelevant","protocol,noun,TECH_TAG","buffers,noun,TECH_TAG"
"should,verb,irrelevant","i,verb,irrelevant","use,noun,TECH_TAG","nested,adj,irrelevant","classes,noun,irrelevant","in,adp,irrelevant","this,det,irrelevant","case,noun,TECH_TAG"
"xml,noun,irrelevant","processing,noun,TECH_TAG","in,adp,irrelevant","python,noun,TECH_TAG"
"php,noun,irrelevant","session,noun,TECH_TAG","security,noun,TECH_TAG"
"flat,adj,irrelevant","file,noun,irrelevant","databases,noun,TECH_TAG"
"flat,adj,irrelevant","file,noun,irrelevant","databases,noun,TECH_TAG"
"jquery,noun,irrelevant","ajax,noun,TECH_TAG","posting,verb,irrelevant","json,noun,TECH_TAG","to,prt,irrelevant","webservice,verb,irrelevant"
"can,verb,irrelevant","i,verb,irrelevant","change,verb,irrelevant","all,det,irrelevant","my,pron,irrelevant","http,noun,irrelevant","//,adj,irrelevant","links,noun,irrelevant","to,prt,irrelevant","just,adv,irrelevant","//,verb,irrelevant"
"what,det,irrelevant","are,verb,irrelevant","res,noun,TECH_TAG","and,conj,irrelevant","req,noun,irrelevant","parameters,noun,TECH_TAG","in,adp,irrelevant","express,noun,TECH_TAG","functions,noun,TECH_TAG"
"encoding,verb,irrelevant","javascript,noun,TECH_TAG","object,noun,TECH_TAG","to,prt,irrelevant","json,noun,irrelevant","string,noun,TECH_TAG"
"convert,noun,irrelevant","string,verb,irrelevant","array,noun,TECH_TAG","to,prt,irrelevant","string,noun,irrelevant"
"complex,adj,irrelevant","css,noun,irrelevant","selector,noun,TECH_TAG","for,adp,irrelevant","parent,noun,TECH_TAG","of,adp,irrelevant","active,adj,irrelevant","child,noun,irrelevant"
"modify,noun,irrelevant","address,noun,TECH_TAG","bar,noun,TECH_TAG","url,noun,TECH_TAG","in,adp,irrelevant","ajax,adj,irrelevant","app,noun,irrelevant","to,prt,irrelevant","match,verb,irrelevant","current,adj,irrelevant","state,noun,irrelevant"
"microsoft,adj,irrelevant","cdn,noun,irrelevant","for,adp,irrelevant","jquery,noun,TECH_TAG","or,conj,irrelevant","google,noun,irrelevant","cdn,noun,TECH_TAG"
"should,verb,irrelevant","github,verb,irrelevant","be,verb,irrelevant","used,verb,irrelevant","as,adp,irrelevant","a,det,irrelevant","cdn,noun,TECH_TAG","for,adp,irrelevant","javascript,noun,TECH_TAG","libraries,noun,TECH_TAG"
"make,verb,irrelevant","xampp/apache,noun,TECH_TAG","serve,noun,TECH_TAG","file,noun,TECH_TAG","outside,adp,irrelevant","of,adp,irrelevant","htdocs,noun,TECH_TAG"
"saving,verb,irrelevant","android,adj,irrelevant","activity,noun,irrelevant","state,noun,TECH_TAG","using,verb,irrelevant","save,adj,irrelevant","instance,noun,irrelevant","state,noun,TECH_TAG"
"is,verb,irrelevant","there,det,irrelevant","a,det,irrelevant","difference,noun,TECH_TAG","between,adp,irrelevant","`==`,noun,TECH_TAG","and,conj,irrelevant","`is`,noun,irrelevant","in,adp,irrelevant","python,noun,TECH_TAG"
"is,verb,irrelevant","gettimeofday,adj,irrelevant","guaranteed,verb,irrelevant","to,prt,irrelevant","be,verb,irrelevant","of,adp,irrelevant","microsecond,noun,TECH_TAG","resolution,noun,TECH_TAG"
"best,adj,irrelevant","implementation,noun,irrelevant","for,adp,irrelevant","key,adj,irrelevant","value,noun,irrelevant","pair,noun,TECH_TAG","data,noun,TECH_TAG","structure,noun,TECH_TAG"
"when,adv,irrelevant","to,prt,irrelevant","use,verb,irrelevant","unsigned,adj,irrelevant","values,noun,irrelevant","over,adp,irrelevant","signed,verb,irrelevant","ones,noun,TECH_TAG"
"what,pron,irrelevant","'s,verb,irrelevant","the,det,irrelevant","difference,noun,TECH_TAG","between,adp,irrelevant","a,det,irrelevant","script,noun,TECH_TAG","and,conj,irrelevant","an,det,irrelevant","application,noun,TECH_TAG"
"file,noun,irrelevant","i/o,noun,TECH_TAG","in,adp,irrelevant","every,det,irrelevant","programming,noun,TECH_TAG","language,noun,TECH_TAG"
"why,adv,irrelevant","do,verb,irrelevant","n't,adv,irrelevant","the,det,irrelevant","std,adj,irrelevant",":fstream,noun,irrelevant","classes,noun,TECH_TAG","take,verb,irrelevant","a,det,irrelevant","std,noun,TECH_TAG",":string,verb,irrelevant"
"gtk,adj,irrelevant","implementation,noun,irrelevant","of,adp,irrelevant","messagebox,noun,TECH_TAG"
"how,adv,irrelevant","should,verb,irrelevant","i,verb,irrelevant","name,noun,TECH_TAG","packages,noun,TECH_TAG","if,adp,irrelevant","i,noun,TECH_TAG","do,verb,irrelevant","n't,adv,irrelevant","have,verb,irrelevant","a,det,irrelevant","domain,noun,TECH_TAG","associated,verb,irrelevant","with,adp,irrelevant","me,pron,irrelevant","closed,verb,irrelevant"
"register,noun,irrelevant","windows,verb,irrelevant","program,noun,TECH_TAG","with,adp,irrelevant","the,det,irrelevant","mailto,noun,TECH_TAG","protocol,noun,TECH_TAG","programmatically,adv,irrelevant"
"how,adv,irrelevant","to,prt,irrelevant","detect,verb,irrelevant","if,adp,irrelevant","ios,adj,irrelevant","app,noun,irrelevant","is,verb,irrelevant","running,verb,irrelevant","in,adp,irrelevant","ui,adj,irrelevant","testing,noun,irrelevant","mode,noun,TECH_TAG"
"how,adv,irrelevant","do,verb,irrelevant","i,verb,irrelevant","use,noun,TECH_TAG","or,conj,irrelevant","resolve,verb,irrelevant","issues,noun,TECH_TAG","with,adp,irrelevant","visual,adj,irrelevant","form,noun,irrelevant","inheritance,noun,TECH_TAG","in,adp,irrelevant","delphi,noun,TECH_TAG"
"ruby,noun,irrelevant","on,adp,irrelevant","rails,noun,TECH_TAG","debugging,verb,irrelevant","rake,noun,TECH_TAG","tasks,noun,TECH_TAG"
"how,adv,irrelevant","can,verb,irrelevant","i,verb,irrelevant","replace,verb,irrelevant","a,det,irrelevant","specific,adj,irrelevant","word,noun,irrelevant","in,adp,irrelevant","c,noun,TECH_TAG"
"register,noun,irrelevant","windows,verb,irrelevant","program,noun,TECH_TAG","with,adp,irrelevant","the,det,irrelevant","mailto,noun,TECH_TAG","protocol,noun,TECH_TAG","programmatically,adv,irrelevant"
"running,verb,irrelevant","ant,adj,irrelevant","build,noun,irrelevant","gives,verb,irrelevant","package,adj,irrelevant","org.junit,noun,irrelevant","does,verb,irrelevant","not,adv,irrelevant","exist,verb,irrelevant"
"how,adv,irrelevant","do,verb,irrelevant","i,adv,irrelevant","view,verb,irrelevant","the,det,irrelevant","size,noun,TECH_TAG","of,adp,irrelevant","npm,noun,TECH_TAG","packages,noun,TECH_TAG"
"removing,verb,irrelevant","ios,noun,TECH_TAG","permission,noun,TECH_TAG","alert,noun,TECH_TAG","for,adp,irrelevant","local,adj,irrelevant","notifications,noun,irrelevant","when,adv,irrelevant","running,verb,irrelevant","app,adv,irrelevant","in,adp,irrelevant","simulator,noun,TECH_TAG"
"certificate,noun,irrelevant","verify,noun,TECH_TAG","failed,verb,irrelevant","openssl,prt,irrelevant","error,noun,irrelevant","when,adv,irrelevant","using,verb,irrelevant","ruby,noun,TECH_TAG","1.9.3,num,irrelevant"
"how,adv,irrelevant","to,prt,irrelevant","allocate,verb,irrelevant","aligned,adj,irrelevant","memory,noun,irrelevant","only,adv,irrelevant","using,verb,irrelevant","the,det,irrelevant","standard,adj,irrelevant","library,noun,irrelevant"
"how,adv,irrelevant","to,prt,irrelevant","cartoon-ify,verb,irrelevant","an,det,irrelevant","image,noun,TECH_TAG","programmatically,adv,irrelevant"
"should,verb,irrelevant","i,verb,irrelevant","use,noun,TECH_TAG","nested,adj,irrelevant","classes,noun,irrelevant","in,adp,irrelevant","this,det,irrelevant","case,noun,TECH_TAG"
"is,verb,irrelevant","a,det,irrelevant","java,adj,irrelevant","package,noun,irrelevant","the,det,irrelevant","equivalent,noun,TECH_TAG","of,adp,irrelevant","a,det,irrelevant",".net,noun,TECH_TAG","assembly,noun,TECH_TAG"
"how,adv,irrelevant","to,prt,irrelevant","set,verb,irrelevant","qwidget,noun,TECH_TAG","width,noun,TECH_TAG"
"resources,noun,irrelevant","to,prt,irrelevant","learn,verb,irrelevant","bitwise,noun,TECH_TAG","programming,noun,TECH_TAG","closed,verb,irrelevant"
"why,adv,irrelevant","put,verb,irrelevant","private,adj,irrelevant","fields,noun,irrelevant","and,conj,irrelevant","methods,noun,irrelevant","at,adp,irrelevant","the,det,irrelevant","top,noun,TECH_TAG","of,adp,irrelevant","class,noun,TECH_TAG"
"need,noun,irrelevant","advice,noun,TECH_TAG","on,adp,irrelevant","implementing,verb,irrelevant","a,det,irrelevant","time-limited,adj,irrelevant","trial,noun,irrelevant"
"what,pron,irrelevant","'s,verb,irrelevant","the,det,irrelevant","difference,noun,TECH_TAG","between,adp,irrelevant","vcs,noun,TECH_TAG","and,conj,irrelevant","scm,noun,irrelevant"
"how,adv,irrelevant","to,prt,irrelevant","implement,verb,irrelevant","background,noun,TECH_TAG","processing,noun,TECH_TAG","for,adp,irrelevant","asp.net,noun,TECH_TAG","mvc,noun,TECH_TAG","website,noun,TECH_TAG","in,adp,irrelevant","a,det,irrelevant","shared,verb,irrelevant","hosting,noun,TECH_TAG","environment,noun,TECH_TAG"
"fastest,adj,irrelevant","convert,noun,irrelevant","from,adp,irrelevant","collection,noun,TECH_TAG","to,prt,irrelevant","list,verb,irrelevant","t,noun,TECH_TAG"
"ado.net,noun,irrelevant","entity,noun,TECH_TAG","framework,noun,TECH_TAG","vs,noun,TECH_TAG","nhibernate,noun,TECH_TAG"
"setting,verb,irrelevant","jvm/jre,noun,TECH_TAG","to,prt,irrelevant","use,verb,irrelevant","windows,noun,TECH_TAG","proxy,verb,irrelevant","automatically,adv,irrelevant"
"setting,verb,irrelevant","jvm/jre,noun,TECH_TAG","to,prt,irrelevant","use,verb,irrelevant","windows,noun,TECH_TAG","proxy,verb,irrelevant","automatically,adv,irrelevant"
"silverlight,noun,irrelevant","crossdomain,noun,TECH_TAG"
"function,noun,irrelevant","overloading,verb,irrelevant","in,adp,irrelevant","javascript,noun,TECH_TAG","best,adj,irrelevant","practices,noun,irrelevant"
"recursion,noun,irrelevant","with,adp,irrelevant","func,noun,TECH_TAG"
"silverlight,adj,irrelevant","datagrid,adj,irrelevant","export,noun,irrelevant","to,prt,irrelevant","excel,verb,irrelevant","or,conj,irrelevant","csv,verb,irrelevant"
"which,det,irrelevant","environment,noun,TECH_TAG","ide,noun,TECH_TAG","or,conj,irrelevant","interpreter,noun,irrelevant","to,prt,irrelevant","put,verb,irrelevant","in,adp,irrelevant","practice,noun,TECH_TAG","scheme,noun,TECH_TAG"
"xpaths,noun,irrelevant","and,conj,irrelevant","default,noun,irrelevant","namespaces,noun,TECH_TAG"
"understanding,adj,irrelevant","events,noun,irrelevant","and,conj,irrelevant","event,noun,irrelevant","handlers,noun,TECH_TAG","in,adp,irrelevant","c,noun,TECH_TAG"
"how,adv,irrelevant","to,prt,irrelevant","get,verb,irrelevant","image,noun,TECH_TAG","size,noun,TECH_TAG","height,verb,irrelevant","width,adj,irrelevant","using,verb,irrelevant","javascript,noun,TECH_TAG"
"find,verb,irrelevant","an,det,irrelevant","item,noun,TECH_TAG","in,adp,irrelevant","list,noun,TECH_TAG","by,adp,irrelevant","linq,noun,TECH_TAG"
"which,det,irrelevant","is,verb,irrelevant","preferred,verb,irrelevant","nullable,adj,irrelevant",".hasvalue,noun,irrelevant","or,conj,irrelevant","nullable,adj,irrelevant","null,noun,irrelevant"
"how,adv,irrelevant","do,verb,irrelevant","i,verb,irrelevant","prevent,verb,irrelevant","a,det,irrelevant","parent,noun,TECH_TAG","'s,prt,irrelevant","onclick,adj,irrelevant","event,noun,irrelevant","from,adp,irrelevant","firing,verb,irrelevant","when,adv,irrelevant","a,det,irrelevant","child,noun,TECH_TAG","anchor,noun,TECH_TAG","is,verb,irrelevant","clicked,verb,irrelevant"
"linq,noun,irrelevant","contains,noun,TECH_TAG","and,conj,irrelevant","a,det,irrelevant","lambda,adj,irrelevant","query,noun,irrelevant"
"what,pron,irrelevant","'s,verb,irrelevant","the,det,irrelevant","difference,noun,TECH_TAG","between,adp,irrelevant","solutions,noun,TECH_TAG","architect,verb,irrelevant","and,conj,irrelevant","applications,noun,irrelevant","architect,verb,irrelevant"
"error,noun,irrelevant","the,det,irrelevant","node,noun,TECH_TAG","to,prt,irrelevant","be,verb,irrelevant","inserted,verb,irrelevant","is,verb,irrelevant","from,adp,irrelevant","a,det,irrelevant","different,adj,irrelevant","document,noun,irrelevant","context,noun,TECH_TAG"
"static,adj,irrelevant","implicit,noun,irrelevant","operator,noun,TECH_TAG"
"determine,noun,irrelevant","if,adp,irrelevant","asp.net,adj,irrelevant","application,noun,irrelevant","is,verb,irrelevant","running,verb,irrelevant","locally,adv,irrelevant"
"download,noun,irrelevant","file,noun,TECH_TAG","of,adp,irrelevant","any,det,irrelevant","type,noun,TECH_TAG","in,adp,irrelevant","asp.net,noun,TECH_TAG","mvc,noun,TECH_TAG","using,verb,irrelevant","fileresult,noun,TECH_TAG"
"rename,noun,irrelevant","mfc,adv,irrelevant","carchive,adj,irrelevant","serialized,adj,irrelevant","class,noun,irrelevant"
"best,adj,irrelevant","way,noun,irrelevant","to,prt,irrelevant","wrap,verb,irrelevant","an,det,irrelevant","mfc,noun,TECH_TAG","doc/view,noun,TECH_TAG","application,noun,TECH_TAG","in,adp,irrelevant","a,det,irrelevant",".net,noun,TECH_TAG","api,noun,TECH_TAG"
"avoid,adj,irrelevant","mfc,noun,irrelevant","loc,noun,TECH_TAG","dll,noun,TECH_TAG"
"visual,adj,irrelevant","c++,noun,irrelevant","2008,num,irrelevant","forms,noun,irrelevant","incredibly,adv,irrelevant","slow,verb,irrelevant"
"how,adv,irrelevant","to,prt,irrelevant","fix,verb,irrelevant","html,adj,irrelevant","source,noun,irrelevant","code,noun,TECH_TAG","from,adp,irrelevant","simply,adv,irrelevant","return,verb,irrelevant","view,noun,TECH_TAG","in,adp,irrelevant","controller,noun,TECH_TAG","in,adp,irrelevant","asp.net,noun,TECH_TAG","mvc,noun,TECH_TAG"
"convert,noun,irrelevant","from,adp,irrelevant","mysql,adj,irrelevant","datetime,noun,irrelevant","to,prt,irrelevant","another,det,irrelevant","format,noun,TECH_TAG","with,adp,irrelevant","php,noun,TECH_TAG"
"convert,noun,irrelevant","from,adp,irrelevant","mysql,adj,irrelevant","datetime,noun,irrelevant","to,prt,irrelevant","another,det,irrelevant","format,noun,TECH_TAG","with,adp,irrelevant","php,noun,TECH_TAG"
"online,adj,irrelevant","code,noun,irrelevant","beautifier,noun,TECH_TAG","and,conj,irrelevant","formatter,noun,irrelevant","closed,verb,irrelevant"
"how,adv,irrelevant","do,verb,irrelevant","i,verb,irrelevant","track,noun,TECH_TAG","file,noun,TECH_TAG","downloads,noun,TECH_TAG"
"multiple/different,adj,irrelevant","authentication,noun,irrelevant","settings,noun,TECH_TAG","in,adp,irrelevant","web.config,noun,TECH_TAG"
"urlencode,adp,irrelevant","all,det,irrelevant","querystring,verb,irrelevant","parameters,noun,TECH_TAG"
"best,adj,irrelevant","way,noun,irrelevant","to,prt,irrelevant","access,noun,irrelevant","exchange,noun,TECH_TAG","using,verb,irrelevant","php,noun,TECH_TAG"
"yuicompressor,noun,irrelevant","error,noun,TECH_TAG","not,adv,irrelevant","sure,adj,irrelevant","what,pron,irrelevant","is,verb,irrelevant","wrong,adj,irrelevant"
